name,brand,price,link,color01
【NIKE 耐吉】慢跑鞋 運動鞋 NIKE AIR ZOOM PEGASUS 40 GS 男鞋 女鞋 大童 多色(FQ6863131),NIKE ,"1,781",https://m.momoshop.com.tw/goods.momo?i_code=11604015&mdiv=searchEngine&oid=21_18&kw=%E5%A5%B3%E9%9E%8B,黑
【T2R】正韓空運-真皮拼接經典女短靴 休閒鞋 老爹鞋-多任選(日常穿搭/綁帶/拉鍊),T2R,"3,680",https://m.momoshop.com.tw/goods.momo?i_code=11948273&mdiv=searchEngine&oid=15_6&kw=%E5%A5%B3%E9%9E%8B,黑色白色灰色綠色米色
【NIKE 耐吉】Air Force 1 Mini Gold 女鞋 白色 小金勾 四勾 小白鞋 AF1 休閒鞋 FV3654-111,NIKE ,"3,080",https://m.momoshop.com.tw/goods.momo?i_code=11954065&mdiv=searchEngine&oid=4_15&kw=%E5%A5%B3%E9%9E%8B,多色
【SKECHERS】女鞋 休閒系列 D LITES(13167NTPK),SKECHERS,"2,890",https://m.momoshop.com.tw/goods.momo?i_code=10689414&mdiv=searchEngine&oid=28_16&kw=%E5%A5%B3%E9%9E%8B,藍色米色粉紅色
【baibeauty 白鳥麗子】街頭素面翻摺繫帶側拉鍊高筒鞋(休閒鞋),baibeauty ,"1,580",https://m.momoshop.com.tw/goods.momo?i_code=10963381&mdiv=searchEngine&oid=9_16&kw=%E5%A5%B3%E9%9E%8B,黑色米色
【NEW BALANCE】NB Goretex運動鞋/復古鞋_男鞋/女鞋_灰色_M2002RXJ-D,NEW BALANCE,"4,224",https://m.momoshop.com.tw/goods.momo?i_code=12160020&mdiv=searchEngine&oid=2_2&kw=%E5%A5%B3%E9%9E%8B,灰色
【NIKE 耐吉】運動鞋 女鞋 男鞋 休閒鞋 增高 老爹鞋 TC 7900 奶油白 DD9682-100(3W5463),NIKE ,"2,999",https://m.momoshop.com.tw/goods.momo?i_code=9952482&mdiv=searchEngine&oid=11_14&kw=%E5%A5%B3%E9%9E%8B,白色米色多色
【NIKE 耐吉】籃球鞋 運動鞋 SABRINA 1 EP 女鞋 多款任選(FQ3389001&),NIKE ,"4,000",https://m.momoshop.com.tw/goods.momo?i_code=12278907&mdiv=searchEngine&oid=26_20&kw=%E5%A5%B3%E9%9E%8B,多色
【MLB】牛仔丹寧 老爹鞋 學長鞋 Chunky Liner系列 紐約洋基隊(3ASXCDN3N-50GRS),MLB,"5,190",https://m.momoshop.com.tw/goods.momo?i_code=12220633&mdiv=searchEngine&oid=6_15&kw=%E5%A5%B3%E9%9E%8B,灰色
【CONVERSE】CHUCK 70 1970 低筒 休閒鞋 帆布鞋 男鞋 女鞋 白色 米色 3款任選(162062C A02306C),CONVERSE,"1,550",https://m.momoshop.com.tw/goods.momo?i_code=11315456&mdiv=searchEngine&oid=2_17&kw=%E5%A5%B3%E9%9E%8B,白色米色
【NEW FORCE】動感飛織防滑氣墊健走鞋-共4色(減震/氣墊/防滑/運動/增高),NEW FORCE,599,https://m.momoshop.com.tw/goods.momo?i_code=5567837&mdiv=searchEngine&oid=13_4&kw=%E5%A5%B3%E9%9E%8B,多色
【NEW BALANCE】NB 復古鞋/運動鞋_U327WPC-D_中性_深灰色,NEW BALANCE,"2,772",https://m.momoshop.com.tw/goods.momo?i_code=12079829&mdiv=searchEngine&oid=27_15&kw=%E5%A5%B3%E9%9E%8B,灰色
【NEW BALANCE】NB 9060運動鞋/復古鞋_男鞋/女鞋_灰色_U9060MUS-D(IU著用),NEW BALANCE,"3,499",https://m.momoshop.com.tw/goods.momo?i_code=11203355&mdiv=searchEngine&oid=6_17&kw=%E5%A5%B3%E9%9E%8B,灰色米色
【NIKE 耐吉】Air Force 1 大童 黑白色 荔枝皮 經典 穿搭 低筒 AF1 運動 休閒鞋 CT3839-100,NIKE ,"1,850",https://m.momoshop.com.tw/goods.momo?i_code=11657381&mdiv=searchEngine&oid=14_5&kw=%E5%A5%B3%E9%9E%8B,多色
【CONVERSE】休閒鞋 All Star 男鞋 女鞋 低筒 基本款 情侶鞋 復古 帆布鞋 黑(M9166C),CONVERSE,"1,288",https://m.momoshop.com.tw/goods.momo?i_code=5715287&mdiv=searchEngine&oid=23_12&kw=%E5%A5%B3%E9%9E%8B,黑色白色
【PUMA官方旗艦】Trinity Lite 休閒運動鞋 男女共同 38929202,PUMA,"2,280",https://m.momoshop.com.tw/goods.momo?i_code=11262902&mdiv=searchEngine&oid=4_5&kw=%E5%A5%B3%E9%9E%8B,白色
【Robinlo】真皮質感OL職場通勤中大尺碼平底鞋/跟鞋(多款任選),Robinlo,"2,580",https://m.momoshop.com.tw/goods.momo?i_code=8705006&mdiv=searchEngine&oid=6_1&kw=%E5%A5%B3%E9%9E%8B,黑色白色灰色綠色紫色米色棕色/咖啡色卡其色粉紅色
【NIKE 耐吉】休閒鞋 Wmns Phoenix Waffle 女鞋 米白 黑 麂皮 異材質拼接 復古(FD2196-100),NIKE ,"2,980",https://m.momoshop.com.tw/goods.momo?i_code=12303690&mdiv=searchEngine&oid=25_9&kw=%E5%A5%B3%E9%9E%8B,黑色米色
【NIKE 耐吉】休閒鞋 運動鞋 AIR FORCE 1 多款任選(CT1989101&),NIKE ,"3,600",https://m.momoshop.com.tw/goods.momo?i_code=12232544&mdiv=searchEngine&oid=12_3&kw=%E5%A5%B3%E9%9E%8B,多色
【NEW BALANCE】NB 9060運動鞋/復古鞋_男鞋/女鞋_白色_U9060AAB-D(IU著用),NEW BALANCE,"3,499",https://m.momoshop.com.tw/goods.momo?i_code=11203354&mdiv=searchEngine&oid=17_7&kw=%E5%A5%B3%E9%9E%8B,白色
【NIKE 耐吉】慢跑鞋 運動鞋 NIKE AIR MAX 97 女 A-DH8016100 B-DH0558500 精選四款,NIKE,"5,400",https://m.momoshop.com.tw/goods.momo?i_code=9910026&mdiv=searchEngine&oid=15_11&kw=%E5%A5%B3%E9%9E%8B,多色
【NIKE 耐吉】休閒鞋 女鞋 大童 運動鞋 OMNI MULTI-COURT GS 黑 DM9027-402(3K2053),NIKE ,"1,296",https://m.momoshop.com.tw/goods.momo?i_code=11962086&mdiv=searchEngine&oid=29_19&kw=%E5%A5%B3%E9%9E%8B,黑色
【NIKE 耐吉】休閒鞋 運動鞋 W AIR MAX 90 FUTURA 女鞋 白(DM9922101),NIKE ,"2,366",https://m.momoshop.com.tw/goods.momo?i_code=10996331&mdiv=searchEngine&oid=7_11&kw=%E5%A5%B3%E9%9E%8B,白色
【NIKE 耐吉】休閒鞋 運動鞋 W NIKE CORTEZ 女鞋 黑白(FJ7870101),NIKE ,"2,740",https://m.momoshop.com.tw/goods.momo?i_code=11336292&mdiv=searchEngine&oid=11_5&kw=%E5%A5%B3%E9%9E%8B,黑色白色
【CONVERSE品牌旗艦店】RUN STAR LEGACY CX HI 高筒 厚底鞋 男鞋 女鞋 黑白(A00869C A00868C),CONVERSE,"2,749",https://m.momoshop.com.tw/goods.momo?i_code=10578594&mdiv=searchEngine&oid=15_5&kw=%E5%A5%B3%E9%9E%8B,黑色
【NEW BALANCE】NB 復古休閒鞋/運動鞋_男鞋/女鞋_MR530EMA-D_MR530EWB-D,NEW BALANCE,"2,772",https://m.momoshop.com.tw/goods.momo?i_code=12276074&mdiv=searchEngine&oid=1_7&kw=%E5%A5%B3%E9%9E%8B,白色米色
【SKECHERS】女鞋 休閒系列 瞬穿舒適科技 D LUX WALKER(149817MVE),SKECHERS,"3,190",https://m.momoshop.com.tw/goods.momo?i_code=11738019&mdiv=searchEngine&oid=29_9&kw=%E5%A5%B3%E9%9E%8B,粉紅色
【NEW BALANCE】NB 運動鞋/復古鞋_男鞋/女鞋_白色_U9060VNB-D,NEW BALANCE,"4,880",https://m.momoshop.com.tw/goods.momo?i_code=11666877&mdiv=searchEngine&oid=11_15&kw=%E5%A5%B3%E9%9E%8B,白色
【NIKE 耐吉】休閒鞋 女鞋 大童 運動鞋 阿甘鞋 CORTEZ BASIC SL GS 桃紅白 904764-109,NIKE ,"1,199",https://m.momoshop.com.tw/goods.momo?i_code=12121968&mdiv=searchEngine&oid=28_15&kw=%E5%A5%B3%E9%9E%8B,多色
【NIKE 耐吉】休閒鞋 運動鞋 NIKE DUNK LOW BG 男鞋 女鞋 大童 多色(FN6968025),NIKE ,"2,055",https://m.momoshop.com.tw/goods.momo?i_code=11704759&mdiv=searchEngine&oid=7_10&kw=%E5%A5%B3%E9%9E%8B,多色
【NIKE 耐吉】COURT VISION 運動鞋 休閒鞋 女鞋  白色(CD5434100),NIKE ,"1,111",https://m.momoshop.com.tw/goods.momo?i_code=11664334&mdiv=searchEngine&oid=16_1&kw=%E5%A5%B3%E9%9E%8B,白色
【Clarks】女鞋Un Maui Easy全皮面輕量套入便鞋 白色(CLF67557C),Clarks,"6,280",https://m.momoshop.com.tw/goods.momo?i_code=10544270&mdiv=searchEngine&oid=17_11&kw=%E5%A5%B3%E9%9E%8B,白色
【NEW BALANCE】NB 327 復古鞋 運動鞋 休閒鞋 男鞋 聯名款(MS327CWB MS327we MS327FE U327wed),NEW BALANCE,"2,980",https://m.momoshop.com.tw/goods.momo?i_code=11918207&mdiv=searchEngine&oid=29_14&kw=%E5%A5%B3%E9%9E%8B,白色
【NIKE 耐吉】休閒鞋 女鞋 運動鞋 W TECH HERA 燕麥色 DR9761-002(3W5468),NIKE ,"2,170",https://m.momoshop.com.tw/goods.momo?i_code=11903731&mdiv=searchEngine&oid=18_6&kw=%E5%A5%B3%E9%9E%8B,多色
【NIKE 耐吉】休閒鞋 運動鞋 W NIKE CORTEZ 女鞋 黑白(FJ7870101),NIKE ,"2,740",https://m.momoshop.com.tw/goods.momo?i_code=11336292&mdiv=searchEngine&oid=13_5&kw=%E5%A5%B3%E9%9E%8B,黑色白色
【NIKE 耐吉】休閒鞋 W Court Legacy Mule 女鞋 男鞋 半包拖鞋 穆勒鞋 單一價(DJ5058-011),NIKE ,"1,580",https://m.momoshop.com.tw/goods.momo?i_code=10701457&mdiv=searchEngine&oid=28_4&kw=%E5%A5%B3%E9%9E%8B,黑色白色灰色紅色
【NIKE 耐吉】休閒鞋 Wmns Roshe One 女鞋 網布 基本款 運動鞋 多功能 單一價(844994-101),NIKE ,"1,280",https://m.momoshop.com.tw/goods.momo?i_code=11778291&mdiv=searchEngine&oid=10_12&kw=%E5%A5%B3%E9%9E%8B,黑色白色
【PAMAX 帕瑪斯】★帕瑪斯銀纖維氣墊鞋墊★日本專利 『銀纖維氣墊』抗菌防臭 ★(AIR001 /男女),PAMAX ,299,https://m.momoshop.com.tw/goods.momo?i_code=3389382&mdiv=searchEngine&oid=13_16&kw=%E5%A5%B3%E9%9E%8B,黑色
【NEW BALANCE】NB 550系列 運動鞋/復古鞋_女鞋_米杏色_BBW550DB-B,NEW BALANCE,"2,944",https://m.momoshop.com.tw/goods.momo?i_code=11142537&mdiv=searchEngine&oid=5_6&kw=%E5%A5%B3%E9%9E%8B,米色
【FAIR LADY】超好搭 都會休閒鞋/小白鞋(多款、502194、502389、502388),FAIR LADY,"4,580",https://m.momoshop.com.tw/goods.momo?i_code=11222923&mdiv=searchEngine&oid=18_8&kw=%E5%A5%B3%E9%9E%8B,黑色紅色綠色棕色/咖啡色卡其色多色
【FILA】休閒鞋 Hidden Tape 5 女鞋 奶油白 米色 老爹鞋 基本款 厚底 皮革 增高(5J929W177),FILA,"1,580",https://m.momoshop.com.tw/goods.momo?i_code=10808835&mdiv=searchEngine&oid=17_15&kw=%E5%A5%B3%E9%9E%8B,米色
【NIKE 耐吉】復古休閒鞋 Wmns V2K Run 女鞋 黑 全黑 Y2K 網布(FD0736-001),NIKE ,"3,180",https://m.momoshop.com.tw/goods.momo?i_code=12074775&mdiv=searchEngine&oid=14_18&kw=%E5%A5%B3%E9%9E%8B,黑色
【PUMA官方旗艦】Cassia Via 流行休閒鞋 女性 38922303,PUMA,"2,580",https://m.momoshop.com.tw/goods.momo?i_code=10983221&mdiv=searchEngine&oid=12_13&kw=%E5%A5%B3%E9%9E%8B,棕色/咖啡色
【CONVERSE】休閒鞋 女鞋 帆布鞋 運動 高筒 厚底 RUN STAR HIKE HI BLACK/WHITE/GUM 黑 166800C,CONVERSE,"1,988",https://m.momoshop.com.tw/goods.momo?i_code=9043185&mdiv=searchEngine&oid=28_13&kw=%E5%A5%B3%E9%9E%8B,黑色
【GREEN PHOENIX 波兒德】女 休閒鞋 懶人鞋 厚底鞋 小白鞋 氣墊 蕾絲 水鑽(白色、黑色),GREEN PHOENIX ,"1,635",https://m.momoshop.com.tw/goods.momo?i_code=11508624&mdiv=searchEngine&oid=28_9&kw=%E5%A5%B3%E9%9E%8B,黑色白色米色
【NEW BALANCE】NB 550系列 復古運動鞋_女鞋_BBW550BD-B_BBW550BB-B_BBW550AA-B_BBW550AB-B(多款可選),NEW BALANCE,"3,280",https://m.momoshop.com.tw/goods.momo?i_code=10878845&mdiv=searchEngine&oid=21_4&kw=%E5%A5%B3%E9%9E%8B,灰色米色粉紅色
【NIKE 耐吉】COURT VISION 女 休閒鞋 -4款任選(DH3158101&FN7141100&DH3158102),NIKE ,"1,211",https://m.momoshop.com.tw/goods.momo?i_code=12012205&mdiv=searchEngine&oid=20_20&kw=%E5%A5%B3%E9%9E%8B,黑色白色桃色粉紅色多色
【SCANDINAVIAN FOREST 北歐小刺蝟】COMBO209厚底輕量結構老爹鞋/增高鞋/休閒鞋/小白鞋(多色任選),SCANDINAVIAN FOREST ,"2,580",https://m.momoshop.com.tw/goods.momo?i_code=11414459&mdiv=searchEngine&oid=9_14&kw=%E5%A5%B3%E9%9E%8B,白色米色膚色卡其色多色
【MLB】老爹鞋 Chunky Runner系列 紐約洋基隊(3ASHCRR3N-50BKS),MLB,"4,690",https://m.momoshop.com.tw/goods.momo?i_code=12078810&mdiv=searchEngine&oid=13_10&kw=%E5%A5%B3%E9%9E%8B,黑色
【Keds】TRIPLE KICK 時尚皮革厚底休閒小白鞋(白),Keds,"2,287",https://m.momoshop.com.tw/goods.momo?i_code=11357704&mdiv=searchEngine&oid=18_5&kw=%E5%A5%B3%E9%9E%8B,白色
【SCANDINAVIAN FOREST 北歐小刺蝟】挪威森林．雨天首選防潑水短靴(厚底增高款),SCANDINAVIAN FOREST ,"2,180",https://m.momoshop.com.tw/goods.momo?i_code=12106113&mdiv=searchEngine&oid=26_18&kw=%E5%A5%B3%E9%9E%8B,黑色白色綠色膚色卡其色多色
【FILA】休閒鞋 Ranger 女鞋 奶油白 淡藍 經典 復古 老爹鞋 皮革 厚底 增高(5J306X135),FILA,"1,580",https://m.momoshop.com.tw/goods.momo?i_code=10948572&mdiv=searchEngine&oid=20_14&kw=%E5%A5%B3%E9%9E%8B,米色
【NEW BALANCE】NB 302 復古運動鞋 休閒鞋 女鞋 男鞋 厚底 增高 白 粉 紫 綠 黑(CT302LA-D CT302SP-D),NEW BALANCE,"2,880",https://m.momoshop.com.tw/goods.momo?i_code=9500627&mdiv=searchEngine&oid=6_11&kw=%E5%A5%B3%E9%9E%8B,黑色白色黃色綠色紫色米色桃色粉紅色多色
【SKECHERS】女鞋 運動系列 瞬穿舒適科技 SKECH-AIR ELEMENT 2.0(149676LTMV),SKECHERS,"3,790",https://m.momoshop.com.tw/goods.momo?i_code=11349475&mdiv=searchEngine&oid=23_2&kw=%E5%A5%B3%E9%9E%8B,紫色粉紅色
【NIKE 耐吉】休閒鞋 Wmns Air Force 1 07 SE 女鞋 白 灰 花卉 刺繡 彩勾 AF1(FN8924-111),NIKE,"3,180",https://m.momoshop.com.tw/goods.momo?i_code=11627097&mdiv=searchEngine&oid=13_20&kw=%E5%A5%B3%E9%9E%8B,白色灰色多色
【NIKE 耐吉】 休閒鞋 W Waffle Trainer 2 復古 女鞋 運動鞋 麂皮 復古 單一價 DA8291100(DA8291-100),NIKE ,"1,280",https://m.momoshop.com.tw/goods.momo?i_code=10756588&mdiv=searchEngine&oid=20_10&kw=%E5%A5%B3%E9%9E%8B,黑色白色
【NIKE 耐吉】 休閒鞋 Wmns Air Max 97 女鞋 氣墊 復古慢跑鞋 反光 單一價(DH1592-100),NIKE ,"2,980",https://m.momoshop.com.tw/goods.momo?i_code=10441151&mdiv=searchEngine&oid=27_8&kw=%E5%A5%B3%E9%9E%8B,黑色白色粉紅色
【NEW BALANCE】NB 運動鞋/復古鞋_男鞋/女鞋_白色_BB550WWW-D(陳柏霖著用款),NEW BALANCE,"2,944",https://m.momoshop.com.tw/goods.momo?i_code=11792602&mdiv=searchEngine&oid=8_5&kw=%E5%A5%B3%E9%9E%8B,白色
【NIKE 耐吉】 休閒鞋 健走鞋 慢跑鞋 運動鞋 AIR MAX PULSE/ PEGASUS GTX 女鞋 多款任選(DJ7929001&),NIKE ,"4,900",https://m.momoshop.com.tw/goods.momo?i_code=12016546&mdiv=searchEngine&oid=12_15&kw=%E5%A5%B3%E9%9E%8B,多色
【KangaROOS】DAZZLE 經典老爹鞋 白藍綠 女鞋 KW32287,KangaROOS,"1,890",https://m.momoshop.com.tw/goods.momo?i_code=11747897&mdiv=searchEngine&oid=15_19&kw=%E5%A5%B3%E9%9E%8B,米色
【adidas 愛迪達】運動鞋 休閒鞋 男鞋 女鞋 BW ARMY(BZ0579),adidas ,"2,723",https://m.momoshop.com.tw/goods.momo?i_code=11877721&mdiv=searchEngine&oid=28_3&kw=%E5%A5%B3%E9%9E%8B,白色
【FAIR LADY】軟實力 側V拼接免綁帶厚底休閒鞋(洋紅、502388),FAIR LADY,"4,980",https://m.momoshop.com.tw/goods.momo?i_code=8856906&mdiv=searchEngine&oid=13_6&kw=%E5%A5%B3%E9%9E%8B,白色紅色
【FILA】休閒鞋 Circuit 女鞋 白 全白 老爹鞋 小白鞋 復古 厚底 增高 穿搭 百搭(5J905W111),FILA,"1,580",https://m.momoshop.com.tw/goods.momo?i_code=10835294&mdiv=searchEngine&oid=7_19&kw=%E5%A5%B3%E9%9E%8B,白色
【MLB】老爹鞋 學長鞋 Chunky Liner系列 洋基/紅襪隊(3ASXCLB3N/3ASXCA12N-多款任選),MLB,"4,090",https://m.momoshop.com.tw/goods.momo?i_code=11190919&mdiv=searchEngine&oid=4_8&kw=%E5%A5%B3%E9%9E%8B,黑色白色灰色米色
【NEW BALANCE】NB 327 休閒鞋 女鞋 男(WS327KA WS327SFD WS327KB WS327JRC WS327CD MS327CGW),NEW BALANCE,"2,980",https://m.momoshop.com.tw/goods.momo?i_code=11920592&mdiv=searchEngine&oid=5_8&kw=%E5%A5%B3%E9%9E%8B,白色
【VOSUN】女款 加長專業暖毛雪鞋 .附冰爪_耐磨大底. 防潑水雪靴.保暖防雪.防滑(黑 VO-326L),VOSUN,"1,980",https://m.momoshop.com.tw/goods.momo?i_code=3735119&mdiv=searchEngine&oid=20_2&kw=%E5%A5%B3%E9%9E%8B,黑色
【NIKE 耐吉】 Air Max 270 女 休閒鞋 三色任選(AH6789001/AH6789601/AH6789110),NIKE,"2,450",https://m.momoshop.com.tw/goods.momo?i_code=11682804&mdiv=searchEngine&oid=14_1&kw=%E5%A5%B3%E9%9E%8B,黑色白色多色
【NEW BALANCE】NB 運動鞋/復古鞋_男鞋/女鞋_米白色_BB550PWG-D(IU著用),NEW BALANCE,"3,492",https://m.momoshop.com.tw/goods.momo?i_code=11666869&mdiv=searchEngine&oid=7_15&kw=%E5%A5%B3%E9%9E%8B,米色
【NIKE 耐吉】休閒鞋 運動鞋 NIKE WAFFLE DEBUT 女鞋 多款任選(DH9523002&),NIKE ,"2,700",https://m.momoshop.com.tw/goods.momo?i_code=12015513&mdiv=searchEngine&oid=16_13&kw=%E5%A5%B3%E9%9E%8B,多色
【PUMA官方旗艦】Tori 休閒運動鞋 女性 38302602,PUMA,"2,280",https://m.momoshop.com.tw/goods.momo?i_code=11262894&mdiv=searchEngine&oid=22_16&kw=%E5%A5%B3%E9%9E%8B,白色
【FUFA Shoes 富發牌】超彈力輕量造型男女防水拖鞋 1SH01/2SH01(拖鞋/女鞋/男鞋/厚底拖鞋/台灣製/室外拖鞋),FUFA Shoes ,590,https://m.momoshop.com.tw/goods.momo?i_code=12049356&mdiv=searchEngine&oid=23_18&kw=%E5%A5%B3%E9%9E%8B,黑色白色綠色藍色粉紅色
【NIKE 耐吉】休閒鞋 TC 7900 女鞋 仙女鞋 厚底 增高 反光 米白 白(DD9682-100),NIKE ,"3,380",https://m.momoshop.com.tw/goods.momo?i_code=8503437&mdiv=searchEngine&oid=7_18&kw=%E5%A5%B3%E9%9E%8B,白色米色
【NIKE 耐吉】休閒鞋 熊貓 Dunk Low 女鞋 復刻 Black 黑 白(DD1503-101),NIKE ,"3,780",https://m.momoshop.com.tw/goods.momo?i_code=8409346&mdiv=searchEngine&oid=6_3&kw=%E5%A5%B3%E9%9E%8B,黑色白色
【K-SWISS】時尚運動鞋 Court Cameo/ Cardiff-男-六款任選(快倉限定),K-SWISS,"1,980",https://m.momoshop.com.tw/goods.momo?i_code=10938395&mdiv=searchEngine&oid=15_16&kw=%E5%A5%B3%E9%9E%8B,黑色白色橘色黃色綠色藍色粉紅色
【CONVERSE】CHUCK 70 HACKED HEEL OX 低筒 休閒鞋 男鞋 女鞋 解構鞋 黑色(A07984C),CONVERSE,"2,345",https://m.momoshop.com.tw/goods.momo?i_code=12116087&mdiv=searchEngine&oid=26_1&kw=%E5%A5%B3%E9%9E%8B,黑色
【NEW BALANCE】NB 跑鞋/運動鞋/慢跑鞋/運動鞋_女鞋_白色_W860L13-D,NEW BALANCE,"3,026",https://m.momoshop.com.tw/goods.momo?i_code=11282083&mdiv=searchEngine&oid=28_14&kw=%E5%A5%B3%E9%9E%8B,白色
【NIKE 耐吉】REVOLUTION 6 NN 休閒鞋 慢跑鞋 運動 女鞋 黑色(DC3729003),NIKE ,"1,111",https://m.momoshop.com.tw/goods.momo?i_code=11668948&mdiv=searchEngine&oid=14_14&kw=%E5%A5%B3%E9%9E%8B,黑色
【NEW BALANCE】NB 運動鞋/復古鞋_中性_白綠色_BB550VTC-D,NEW BALANCE,"2,944",https://m.momoshop.com.tw/goods.momo?i_code=11006901&mdiv=searchEngine&oid=27_2&kw=%E5%A5%B3%E9%9E%8B,白色綠色
【ecco】丹麥舒適真皮男女休閒鞋/正裝鞋(MOMO獨家限定),ecco,"2,988",https://m.momoshop.com.tw/goods.momo?i_code=12252846&mdiv=searchEngine&oid=13_1&kw=%E5%A5%B3%E9%9E%8B,多色
【MLB】厚底老爹鞋 增高鞋 Big Ball Chunky系列(3ASHC2B2N.3ASHCS12N多款任選),MLB,"3,490",https://m.momoshop.com.tw/goods.momo?i_code=10712248&mdiv=searchEngine&oid=2_10&kw=%E5%A5%B3%E9%9E%8B,白色
【LACOSTE】女鞋-L002 絨面運動鞋(咖啡色),LACOSTE,"4,280",https://m.momoshop.com.tw/goods.momo?i_code=12214992&mdiv=searchEngine&oid=26_16&kw=%E5%A5%B3%E9%9E%8B,棕色/咖啡色
【PUMA官方旗艦】Electron 2.0 休閒運動鞋 男女共同 38566917,PUMA,"2,280",https://m.momoshop.com.tw/goods.momo?i_code=11504612&mdiv=searchEngine&oid=22_9&kw=%E5%A5%B3%E9%9E%8B,白色
SKECHERS 2023廣告主打奢華飛翔避震鞋,SKECHERS,"2,370",https://m.momoshop.com.tw/goods.momo?i_code=10978134&mdiv=searchEngine&oid=19_3&kw=%E5%A5%B3%E9%9E%8B,黑色白色
【K-SWISS】時尚運動鞋 Court Shield-男女-四款任選(快倉限定),K-SWISS,"1,980",https://m.momoshop.com.tw/goods.momo?i_code=11104631&mdiv=searchEngine&oid=27_18&kw=%E5%A5%B3%E9%9E%8B,白色橘色黃色棕色/咖啡色粉紅色
【NIKE 耐吉】休閒鞋 Air More Uptempo GS 女鞋 童鞋 大童 漆皮 麂皮 氣墊 大Air 單一價(FB1344-001),NIKE ,"3,280",https://m.momoshop.com.tw/goods.momo?i_code=11166990&mdiv=searchEngine&oid=19_11&kw=%E5%A5%B3%E9%9E%8B,黑色白色紅色
【T2R】正韓空運-預購-飛織真皮拼接方鑽造型內增高厚底懶人鞋-增高約8公分-黑/米白(5985-2635/5985-2636),T2R,"2,380",https://m.momoshop.com.tw/goods.momo?i_code=11408414&mdiv=searchEngine&oid=26_6&kw=%E5%A5%B3%E9%9E%8B,黑色米色
【NEW BALANCE】NB 復古鞋/運動鞋_男鞋/女鞋_銀灰白_M1906REE-D,NEW BALANCE,"4,680",https://m.momoshop.com.tw/goods.momo?i_code=12301528&mdiv=searchEngine&oid=9_10&kw=%E5%A5%B3%E9%9E%8B,白色銀色
【UNDER ARMOUR】UA 女 Charged Revitalize 休閒慢跑鞋_3026683(多款任選),UNDER ARMOUR,"2,980",https://m.momoshop.com.tw/goods.momo?i_code=11650391&mdiv=searchEngine&oid=8_9&kw=%E5%A5%B3%E9%9E%8B,多色
【NIKE 耐吉】老爹鞋 Wmns M2K Tekno 女鞋 小白鞋 復古 厚底 休閒鞋 2色單一價(BQ3378-100),NIKE ,"3,280",https://m.momoshop.com.tw/goods.momo?i_code=11213961&mdiv=searchEngine&oid=2_14&kw=%E5%A5%B3%E9%9E%8B,白色灰色銀色
【NIKE 耐吉】休閒鞋 Wmns Zoom Vomero 5 女鞋 檸檬黃 馬卡龍 復古 運動鞋(FV3638-171),NIKE ,"3,580",https://m.momoshop.com.tw/goods.momo?i_code=12028457&mdiv=searchEngine&oid=17_17&kw=%E5%A5%B3%E9%9E%8B,黃色
【SKECHERS】女鞋 健走系列 GO WALK ARCH FIT(124403BKPK),SKECHERS,"3,290",https://m.momoshop.com.tw/goods.momo?i_code=11327665&mdiv=searchEngine&oid=16_6&kw=%E5%A5%B3%E9%9E%8B,黑色粉紅色
【NIKE 耐吉】休閒鞋 運動鞋 WMNS AIR FORCE 1 07 LX 女鞋 米白 小金勾 (FV3654111),NIKE ,"3,040",https://m.momoshop.com.tw/goods.momo?i_code=11929574&mdiv=searchEngine&oid=18_3&kw=%E5%A5%B3%E9%9E%8B,白色
【PUMA官方旗艦】Rider FV Block 休閒運動鞋 男女共同 38862301,PUMA,"2,980",https://m.momoshop.com.tw/goods.momo?i_code=10607963&mdiv=searchEngine&oid=22_6&kw=%E5%A5%B3%E9%9E%8B,灰色
【CF鑽飾】莫桑鑽《宣言》(1克拉 鑽石 項鍊 項鏈 求婚 情人節 情人節禮物 生日禮物 禮盒 禮物 送禮),CF Diamond,"3,600",https://m.momoshop.com.tw/goods.momo?i_code=11982054&mdiv=searchEngine&oid=1_2&kw=%E5%A5%B3%E9%9E%8B,
【MAGY】花朵刺繡點綴牛皮休閒平底鞋(裸色),MAGY,"3,280",https://m.momoshop.com.tw/goods.momo?i_code=7833152&mdiv=searchEngine&oid=28_19&kw=%E5%A5%B3%E9%9E%8B,膚色
【baibeauty 白鳥麗子】韓風拚色繫帶運動休閒鞋(老爹鞋),baibeauty ,"1,780",https://m.momoshop.com.tw/goods.momo?i_code=11309646&mdiv=searchEngine&oid=7_5&kw=%E5%A5%B3%E9%9E%8B,灰色棕色/咖啡色
【NIKE 耐吉】休閒鞋 Go Flyease 摺疊鞋 懶人鞋 黑 白 分離式鞋底 女鞋 方便穿脫(DR5540-002),NIKE,"2,380",https://m.momoshop.com.tw/goods.momo?i_code=10602143&mdiv=searchEngine&oid=11_11&kw=%E5%A5%B3%E9%9E%8B,黑色白色
【adidas 愛迪達】休閒鞋 Gazelle Bold W 女鞋 灰 白 厚底 增高 拼接中底 三葉草 愛迪達(HQ6893),adidas ,"3,780",https://m.momoshop.com.tw/goods.momo?i_code=11297805&mdiv=searchEngine&oid=24_17&kw=%E5%A5%B3%E9%9E%8B,白色灰色
【SKECHERS】女鞋 休閒系列 D LUX WALKER(149023NVCL),SKECHERS,"2,790",https://m.momoshop.com.tw/goods.momo?i_code=11933853&mdiv=searchEngine&oid=20_12&kw=%E5%A5%B3%E9%9E%8B,藍色
【NIKE 耐吉】運動鞋 女鞋 慢跑鞋 緩震 W REVOLUTION 6 NN 黑 DC3729-003,NIKE ,999,https://m.momoshop.com.tw/goods.momo?i_code=9408586&mdiv=searchEngine&oid=21_6&kw=%E5%A5%B3%E9%9E%8B,黑色
【J&H collection】真皮軟底百搭淺口豆豆鞋(現+預  米色 / 黑色),J&H collection,990,https://m.momoshop.com.tw/goods.momo?i_code=8946825&mdiv=searchEngine&oid=24_8&kw=%E5%A5%B3%E9%9E%8B,黑色米色
【NEW BALANCE】NB 運動鞋/復古鞋_男鞋/女鞋_黑灰白_MS327OD-D,NEW BALANCE,"2,980",https://m.momoshop.com.tw/goods.momo?i_code=11142542&mdiv=searchEngine&oid=9_3&kw=%E5%A5%B3%E9%9E%8B,黑色灰色
【NIKE 耐吉】COURT BOROUGH LOW 2 GS 休閒鞋 女鞋 大童鞋(BQ5448-123 BQ5448-124 兩色任選),NIKE ,"1,199",https://m.momoshop.com.tw/goods.momo?i_code=11505336&mdiv=searchEngine&oid=19_6&kw=%E5%A5%B3%E9%9E%8B,白色粉紅色
【NEW BALANCE】NB 運動鞋/復古鞋_515/500/530系列(MOMO獨家販售),NEW BALANCE,"2,680",https://m.momoshop.com.tw/goods.momo?i_code=11513681&mdiv=searchEngine&oid=1_15&kw=%E5%A5%B3%E9%9E%8B,米色
【NIKE 耐吉】籃球鞋 運動鞋 JORDAN LUKA 2 GS 男鞋 女鞋 大童 黑(DZ3498001),NIKE ,"2,398",https://m.momoshop.com.tw/goods.momo?i_code=11638445&mdiv=searchEngine&oid=8_16&kw=%E5%A5%B3%E9%9E%8B,黑色
【HOKA ONE ONE】ANACAPA LOW GTX Gore-Tex 防水 黃金大底 D楦 耐磨 全黑 男生休閒越野鞋(1122017 BBLC),HOKA ONE ONE,"6,950",https://m.momoshop.com.tw/goods.momo?i_code=12223291&mdiv=searchEngine&oid=18_16&kw=%E5%A5%B3%E9%9E%8B,白色
【NIKE 耐吉】運動鞋 休閒鞋 大童 女 - A-BQ5448104 B-DV5456102 C-BQ5448100 D-DV5456103 精選五款,NIKE ,"1,900",https://m.momoshop.com.tw/goods.momo?i_code=11909502&mdiv=searchEngine&oid=1_9&kw=%E5%A5%B3%E9%9E%8B,多色
【NIKE 耐吉】休閒鞋 Wmns Air Force 1 07 LX 女鞋 白 皮革 紫外線變色 AF1 經典(FZ5531-111),NIKE ,"3,280",https://m.momoshop.com.tw/goods.momo?i_code=12218951&mdiv=searchEngine&oid=26_10&kw=%E5%A5%B3%E9%9E%8B,白色
【NIKE 耐吉】穆勒鞋 Wmns Court Legacy Mule 女鞋 白 粉紅 奶茶 鴛鴦勾 懶人鞋 竹子鞋扣(DV1741-181),NIKE ,"1,680",https://m.momoshop.com.tw/goods.momo?i_code=11240233&mdiv=searchEngine&oid=9_2&kw=%E5%A5%B3%E9%9E%8B,白色卡其色粉紅色
【CONVERSE品牌旗艦店】CHUCK 70 1970 MULE SLIP 休閒鞋 穆勒鞋 男鞋 女鞋 4款任選(172592C 172591C),CONVERSE,"1,550",https://m.momoshop.com.tw/goods.momo?i_code=9901935&mdiv=searchEngine&oid=15_2&kw=%E5%A5%B3%E9%9E%8B,黑色白色綠色棕色/咖啡色
【NIKE 耐吉】休閒鞋 Air Max 97 運動 女鞋 經典款 反光 氣墊 避震 球鞋 穿搭 全白(DH8016-100),NIKE ,"3,080",https://m.momoshop.com.tw/goods.momo?i_code=9757328&mdiv=searchEngine&oid=13_8&kw=%E5%A5%B3%E9%9E%8B,白色
【Keds】THE PLATFORM 經典延伸厚底皮革休閒小白鞋-白(9231W133497),Keds,"2,287",https://m.momoshop.com.tw/goods.momo?i_code=11046425&mdiv=searchEngine&oid=25_1&kw=%E5%A5%B3%E9%9E%8B,白色
【NEW BALANCE】NB CT302運動鞋/復古鞋_中性_白酒紅_CT302RE-D,NEW BALANCE,"2,880",https://m.momoshop.com.tw/goods.momo?i_code=11203356&mdiv=searchEngine&oid=14_13&kw=%E5%A5%B3%E9%9E%8B,白色粉紅色
【Alberta】3cm  素色鍊條裝飾舒適針織鞋面厚底休閒鞋 懶人鞋,Alberta,390,https://m.momoshop.com.tw/goods.momo?i_code=10973261&mdiv=searchEngine&oid=22_2&kw=%E5%A5%B3%E9%9E%8B,多色
【SKECHERS】女鞋 休閒帆布鞋 交叉涼拖 穆勒鞋(多款),SKECHERS,"2,490",https://m.momoshop.com.tw/goods.momo?i_code=11953993&mdiv=searchEngine&oid=29_12&kw=%E5%A5%B3%E9%9E%8B,黑色白色灰色藍色米色粉紅色多色
【NEW BALANCE】NB 運動鞋/復古鞋_男鞋/女鞋_灰色_BB480LHI-D,NEW BALANCE,"3,080",https://m.momoshop.com.tw/goods.momo?i_code=11546433&mdiv=searchEngine&oid=8_15&kw=%E5%A5%B3%E9%9E%8B,灰色
【NEW BALANCE】NB 1906R 復古運動鞋_男鞋/女鞋_M1906RK-D_M1906RL-D,NEW BALANCE,"3,744",https://m.momoshop.com.tw/goods.momo?i_code=10836046&mdiv=searchEngine&oid=19_5&kw=%E5%A5%B3%E9%9E%8B,黑色灰色
【NEW BALANCE】NB 健走鞋/運動鞋_男鞋/女鞋_UA900EG1-2E_UA900ER1-2E_UA900WT1-2E,NEW BALANCE,"2,680",https://m.momoshop.com.tw/goods.momo?i_code=11602480&mdiv=searchEngine&oid=17_16&kw=%E5%A5%B3%E9%9E%8B,白色灰色米色
【NEW BALANCE】NB 運動鞋/復古鞋_中性_白灰色_BB550PB1-D,NEW BALANCE,"2,944",https://m.momoshop.com.tw/goods.momo?i_code=10498145&mdiv=searchEngine&oid=16_12&kw=%E5%A5%B3%E9%9E%8B,白色灰色
【PUMA官方旗艦】PUMA R22 休閒運動鞋 男女共同 38346225,PUMA,"2,480",https://m.momoshop.com.tw/goods.momo?i_code=11078242&mdiv=searchEngine&oid=23_16&kw=%E5%A5%B3%E9%9E%8B,灰色
【NEW BALANCE】NB 運動鞋/復古鞋_中性_輕柔紫_CT302SL-D,NEW BALANCE,"2,880",https://m.momoshop.com.tw/goods.momo?i_code=11666872&mdiv=searchEngine&oid=20_9&kw=%E5%A5%B3%E9%9E%8B,白色
【SKECHERS】女鞋 運動系列 ARCH FIT D LUX(149687BKHP),SKECHERS,"3,290",https://m.momoshop.com.tw/goods.momo?i_code=11360741&mdiv=searchEngine&oid=26_13&kw=%E5%A5%B3%E9%9E%8B,黑色粉紅色
【NIKE 耐吉】休閒鞋 Wmns Air Force 1 07 SE 女鞋 白 灰 花卉 刺繡 彩勾 AF1(FN8924-111),NIKE ,"3,180",https://m.momoshop.com.tw/goods.momo?i_code=11627097&mdiv=searchEngine&oid=11_20&kw=%E5%A5%B3%E9%9E%8B,白色灰色多色
【T2R】正韓空運-增高鞋真皮布料拼接內增高老爹鞋-增高約7公分-黑/白/銀(5985-2522/2523/2531),T2R,"2,480",https://m.momoshop.com.tw/goods.momo?i_code=11093128&mdiv=searchEngine&oid=9_17&kw=%E5%A5%B3%E9%9E%8B,黑色白色銀色
【NIKE 耐吉】休閒鞋 運動鞋  TECH HERA/MOTIVA/MAX SOLO系列 女鞋 多款任選(DR9761002&),NIKE ,"3,100",https://m.momoshop.com.tw/goods.momo?i_code=11983838&mdiv=searchEngine&oid=5_13&kw=%E5%A5%B3%E9%9E%8B,多色
【FILA】休閒鞋 Wavelet 女鞋 米白 奶茶 老爹鞋 復古 拼接 穿搭 運動鞋 斐樂(5J906W177),FILA,"1,580",https://m.momoshop.com.tw/goods.momo?i_code=11549105&mdiv=searchEngine&oid=7_2&kw=%E5%A5%B3%E9%9E%8B,米色
【NIKE 耐吉】休閒鞋 運動鞋 W NIKE DBREAK VNTG 女鞋 綠(DX0751301),NIKE ,"2,329",https://m.momoshop.com.tw/goods.momo?i_code=11875196&mdiv=searchEngine&oid=9_1&kw=%E5%A5%B3%E9%9E%8B,綠色
【CF鑽飾】莫桑鑽《四葉草》(1克拉 鑽石 項鍊 項鏈 求婚 情人節 情人節禮物 生日禮物 禮盒 禮物 送禮),CF Diamond,"3,600",https://m.momoshop.com.tw/goods.momo?i_code=11052584&mdiv=searchEngine&oid=1_1&kw=%E5%A5%B3%E9%9E%8B,
【LA NEW】MOMO獨家 輕便神鞋5.0/休閒鞋/懶人鞋/後踩2穿(男女/多款任選),LA NEW,"2,380",https://m.momoshop.com.tw/goods.momo?i_code=11924218&mdiv=searchEngine&oid=1_5&kw=%E5%A5%B3%E9%9E%8B,黑色白色藍色桃色多色
【NEW BALANCE】NB 運動鞋/復古鞋_女鞋_杏藍色_WS327PV-B,NEW BALANCE,"2,682",https://m.momoshop.com.tw/goods.momo?i_code=11792609&mdiv=searchEngine&oid=25_15&kw=%E5%A5%B3%E9%9E%8B,藍色米色
【adidas 愛迪達】ADIMATIC 運動鞋 休閒鞋 男女 - IE2224,adidas ,"2,268",https://m.momoshop.com.tw/goods.momo?i_code=12072747&mdiv=searchEngine&oid=19_1&kw=%E5%A5%B3%E9%9E%8B,黑色
【Robinlo】破萬真皮人氣好評中大尺碼全休閒鞋厚底鞋小白鞋(多款任選),Robinlo,"2,580",https://m.momoshop.com.tw/goods.momo?i_code=9278757&mdiv=searchEngine&oid=28_5&kw=%E5%A5%B3%E9%9E%8B,黑色白色灰色綠色米色棕色/咖啡色卡其色多色
【CONVERSE品牌旗艦店】CTAS ALL STAR LIFT 1970 低筒 休閒鞋 厚底鞋 男鞋 女鞋 白 黑(560251C 560250C),CONVERSE,"1,613",https://m.momoshop.com.tw/goods.momo?i_code=9200243&mdiv=searchEngine&oid=5_20&kw=%E5%A5%B3%E9%9E%8B,黑色白色綠色藍色卡其色
【SKECHERS】女款 輕量健走/休閒慢跑鞋(多款),SKECHERS,"2,890",https://m.momoshop.com.tw/goods.momo?i_code=11813256&mdiv=searchEngine&oid=11_18&kw=%E5%A5%B3%E9%9E%8B,黑色灰色藍色粉紅色多色
【NIKE 耐吉】休閒鞋 慢跑鞋 運動鞋 復古 工裝 NIKE ZOOM VOMERO 5 男鞋 女鞋 多款任選(BV1358001&),NIKE ,"4,500",https://m.momoshop.com.tw/goods.momo?i_code=12276023&mdiv=searchEngine&oid=3_6&kw=%E5%A5%B3%E9%9E%8B,多色
【GOODYEAR 固特異】高筒動態防潑水戶外鞋 紫 女鞋 GAWO32537,GOODYEAR ,"2,190",https://m.momoshop.com.tw/goods.momo?i_code=11646793&mdiv=searchEngine&oid=21_3&kw=%E5%A5%B3%E9%9E%8B,紫色
【NEW BALANCE】NB 復古休閒鞋_男鞋/女鞋_黑白色/奶白色_BB480LBA-D_BB480LBB-D,NEW BALANCE,"3,080",https://m.momoshop.com.tw/goods.momo?i_code=12079815&mdiv=searchEngine&oid=15_14&kw=%E5%A5%B3%E9%9E%8B,黑色米色
【NEW BALANCE】NB 運動鞋/復古鞋_女鞋_牛油果綠_CT302SG-D,NEW BALANCE,"2,880",https://m.momoshop.com.tw/goods.momo?i_code=11666871&mdiv=searchEngine&oid=28_1&kw=%E5%A5%B3%E9%9E%8B,白色
【PUMA】運動鞋 休閒鞋 女鞋 男鞋 RS-X Efekt Lux 白色(39315303),PUMA,"4,280",https://m.momoshop.com.tw/goods.momo?i_code=11919780&mdiv=searchEngine&oid=21_19&kw=%E5%A5%B3%E9%9E%8B,白色藍色
【NEW BALANCE】復古鞋_ML610XA-D_中性_灰色,NEW BALANCE,"4,233",https://m.momoshop.com.tw/goods.momo?i_code=11962397&mdiv=searchEngine&oid=9_20&kw=%E5%A5%B3%E9%9E%8B,灰色
【adidas 愛迪達】休閒鞋 NMD_R1 W 女鞋 黑 銀 BOOST 緩震 珠光 炫彩 襪套式 三葉草 愛迪達(GY9574),adidas ,"2,780",https://m.momoshop.com.tw/goods.momo?i_code=10757165&mdiv=searchEngine&oid=26_11&kw=%E5%A5%B3%E9%9E%8B,黑色銀色
【Alberta】老爹鞋 女款 厚底 網面 透氣 運動 休閒 鞋子 爆款小白鞋,Alberta,699,https://m.momoshop.com.tw/goods.momo?i_code=11826695&mdiv=searchEngine&oid=14_7&kw=%E5%A5%B3%E9%9E%8B,灰色卡其色
【J&H collection】韓版真皮柔軟舒適魔術貼平底小白鞋(現+預  黑色 / 白色 / 米色),J&H collection,"1,150",https://m.momoshop.com.tw/goods.momo?i_code=7838373&mdiv=searchEngine&oid=20_11&kw=%E5%A5%B3%E9%9E%8B,黑色白色米色
【SANDARU 山打努】休閒鞋 懶人鞋 小白鞋 厚底鞋 阿甘鞋 百搭綁帶(多款任選),SANDARU ,"1,290",https://m.momoshop.com.tw/goods.momo?i_code=11610003&mdiv=searchEngine&oid=20_4&kw=%E5%A5%B3%E9%9E%8B,白色灰色米色卡其色
【PUMA】休閒鞋 Cilia Wedge 女鞋 白 黑 厚底 增高 皮革 老爹鞋(393915-01),PUMA,"2,980",https://m.momoshop.com.tw/goods.momo?i_code=11762772&mdiv=searchEngine&oid=24_18&kw=%E5%A5%B3%E9%9E%8B,黑色白色
【NEW BALANCE】NB 運動鞋/復古鞋_男鞋/女鞋_淺灰色_MS327CGW-D,NEW BALANCE,"2,980",https://m.momoshop.com.tw/goods.momo?i_code=10602663&mdiv=searchEngine&oid=6_10&kw=%E5%A5%B3%E9%9E%8B,灰色棕色/咖啡色
【CONVERSE品牌旗艦店】CTAS MOVE 女鞋 低筒 高筒 厚底 帆布鞋 休閒鞋(570257C 570256C 568498C 568497C),CONVERSE,"1,863",https://m.momoshop.com.tw/goods.momo?i_code=9200247&mdiv=searchEngine&oid=4_20&kw=%E5%A5%B3%E9%9E%8B,黑色白色
【SKECHERS】女 休閒系列 ARCH FIT VISTA寬楦款(104371WPLUM),SKECHERS,"2,790",https://m.momoshop.com.tw/goods.momo?i_code=11066983&mdiv=searchEngine&oid=23_3&kw=%E5%A5%B3%E9%9E%8B,粉紅色
【SKECHERS】女 休閒系列 ARCH FIT FLEX(100294NVY),SKECHERS,"2,590",https://m.momoshop.com.tw/goods.momo?i_code=11066980&mdiv=searchEngine&oid=16_19&kw=%E5%A5%B3%E9%9E%8B,藍色
【NIKE 耐吉】休閒鞋 女鞋 運動鞋 AF1 FORCE 1 共5款(DD8959002 DD8959110 CT3839108 DZ2660100),NIKE ,"2,900",https://m.momoshop.com.tw/goods.momo?i_code=12159797&mdiv=searchEngine&oid=29_11&kw=%E5%A5%B3%E9%9E%8B,白色多色
【LA NEW】男女款懶人休閒鞋 輕量/運動/職人/健行(男女/多款任選),LA NEW,"2,080",https://m.momoshop.com.tw/goods.momo?i_code=10633200&mdiv=searchEngine&oid=6_4&kw=%E5%A5%B3%E9%9E%8B,黑色灰色紅色藍色紫色
【VEJA】CAMPO CHROMEFREE 運動休閒鞋 男女款 法國 小白鞋,VEJA,"5,680",https://m.momoshop.com.tw/goods.momo?i_code=11601920&mdiv=searchEngine&oid=21_9&kw=%E5%A5%B3%E9%9E%8B,白色多色
【Keds】經典熱賣暢銷休閒小白鞋款-多款選(MOMO特談價),Keds,"1,299",https://m.momoshop.com.tw/goods.momo?i_code=11271657&mdiv=searchEngine&oid=21_2&kw=%E5%A5%B3%E9%9E%8B,白色
【PUMA】休閒鞋 Tori 女鞋 白 紫 微厚底 增高 皮革 百搭 小白鞋(383026-17),PUMA,"2,280",https://m.momoshop.com.tw/goods.momo?i_code=11848487&mdiv=searchEngine&oid=17_1&kw=%E5%A5%B3%E9%9E%8B,白色紫色
【Tommy Hilfiger】湯米 小白鞋 舒適 好穿 休閒鞋 經典走入時尚(平輸品),Tommy Hilfiger,"3,280",https://m.momoshop.com.tw/goods.momo?i_code=11660977&mdiv=searchEngine&oid=5_9&kw=%E5%A5%B3%E9%9E%8B,白色
【CONVERSE品牌旗艦店】RUN STAR LEGACY CX HI 高筒 休閒鞋 男鞋 女鞋 淺卡其(A05054C),CONVERSE,"2,113",https://m.momoshop.com.tw/goods.momo?i_code=11249808&mdiv=searchEngine&oid=23_5&kw=%E5%A5%B3%E9%9E%8B,卡其色
【NIKE 耐吉】休閒鞋 運動鞋 AIR JORDAN 1 LOW GS 男款 女款 大童 多款任選(553560065&),NIKE ,"3,100",https://m.momoshop.com.tw/goods.momo?i_code=12273749&mdiv=searchEngine&oid=20_5&kw=%E5%A5%B3%E9%9E%8B,多色
【NIKE 耐吉】休閒鞋 Wmns Zoom Vomero 5 女鞋 男鞋 灰 復古 Cobblestone 老爹鞋(FB8825-001),NIKE ,"3,780",https://m.momoshop.com.tw/goods.momo?i_code=10635655&mdiv=searchEngine&oid=2_5&kw=%E5%A5%B3%E9%9E%8B,灰色
【NIKE 耐吉】W Nike Air Force 1 Mini Gold 小金勾 炫雅 FV3654-111,NIKE ,"3,480",https://m.momoshop.com.tw/goods.momo?i_code=11882194&mdiv=searchEngine&oid=27_11&kw=%E5%A5%B3%E9%9E%8B,白色米色
【NEW BALANCE】NB 復古休閒鞋/運動鞋_女鞋_白絲綢_WS327SFD-B楦,NEW BALANCE,"2,980",https://m.momoshop.com.tw/goods.momo?i_code=10604318&mdiv=searchEngine&oid=8_13&kw=%E5%A5%B3%E9%9E%8B,白色
【CONVERSE品牌旗艦店】CHUCK 70 HI 高筒 休閒鞋 男鞋 女鞋 奶茶灰(172677C),CONVERSE,"2,149",https://m.momoshop.com.tw/goods.momo?i_code=9812728&mdiv=searchEngine&oid=22_7&kw=%E5%A5%B3%E9%9E%8B,灰色
【NIKE 耐吉】休閒鞋 W Air Force 1 07 女鞋 男鞋 白 紅 ESS 小勾 彩色立體小勾 AF1(CT1989-101),NIKE,"3,180",https://m.momoshop.com.tw/goods.momo?i_code=11584411&mdiv=searchEngine&oid=4_16&kw=%E5%A5%B3%E9%9E%8B,白色紅色
【NEW BALANCE】NB 運動鞋/復古鞋_男鞋/女鞋_淺灰色_ML574DI2-D,NEW BALANCE,"2,788",https://m.momoshop.com.tw/goods.momo?i_code=11306834&mdiv=searchEngine&oid=23_17&kw=%E5%A5%B3%E9%9E%8B,灰色
【NIKE 耐吉】休閒鞋 Wmns Air Max Dawn 女鞋 男鞋 白 全白 氣墊 復古鞋(DM8261-001),NIKE ,"2,580",https://m.momoshop.com.tw/goods.momo?i_code=10072569&mdiv=searchEngine&oid=11_3&kw=%E5%A5%B3%E9%9E%8B,白色
【NEW BALANCE】NB 運動鞋/復古鞋_男鞋/女鞋_黑藍色_ML610TP-D,NEW BALANCE,"3,132",https://m.momoshop.com.tw/goods.momo?i_code=12160029&mdiv=searchEngine&oid=29_5&kw=%E5%A5%B3%E9%9E%8B,黑色藍色
【NEW BALANCE】NB 運動鞋/復古鞋_男鞋/女鞋_灰色_U9060HSC-D,NEW BALANCE,"3,999",https://m.momoshop.com.tw/goods.momo?i_code=11926647&mdiv=searchEngine&oid=10_19&kw=%E5%A5%B3%E9%9E%8B,灰色
【NEW BALANCE】NB 574 復古運動鞋 休閒鞋 男鞋 女鞋 白 灰 藍(U574FOG-D U574FPP-D),NEW BALANCE,"2,880",https://m.momoshop.com.tw/goods.momo?i_code=10688557&mdiv=searchEngine&oid=12_5&kw=%E5%A5%B3%E9%9E%8B,白色灰色紅色黃色藍色米色多色
【NIKE 耐吉】休閒鞋 運動鞋 W NIKE DUNK LOW 女鞋 多色(FV8113141),NIKE ,"2,466",https://m.momoshop.com.tw/goods.momo?i_code=12196224&mdiv=searchEngine&oid=25_17&kw=%E5%A5%B3%E9%9E%8B,多色
【NIKE 耐吉】休閒鞋 運動鞋  TECH HERA/MOTIVA/MAX SOLO系列 女鞋 多款任選(DR9761002&),NIKE ,"3,100",https://m.momoshop.com.tw/goods.momo?i_code=11983838&mdiv=searchEngine&oid=6_5&kw=%E5%A5%B3%E9%9E%8B,多色
【K-SWISS】時尚運動鞋 Lozan II/Court Vittora II-男女-七款任選(快倉限定),K-SWISS,"2,480",https://m.momoshop.com.tw/goods.momo?i_code=11646040&mdiv=searchEngine&oid=9_19&kw=%E5%A5%B3%E9%9E%8B,白色紅色黃色綠色藍色棕色/咖啡色金色粉紅色
【SKECHERS】女鞋 休閒系列 D LITES HYPER BURST(149984NTPK),SKECHERS,"3,790",https://m.momoshop.com.tw/goods.momo?i_code=11934879&mdiv=searchEngine&oid=16_20&kw=%E5%A5%B3%E9%9E%8B,米色粉紅色
【Palladium】TROOP RUNNER軍種潮鞋-中性-三色任選,Palladium,"2,480",https://m.momoshop.com.tw/goods.momo?i_code=10471278&mdiv=searchEngine&oid=18_7&kw=%E5%A5%B3%E9%9E%8B,多色
【NIKE 耐吉】休閒鞋 運動鞋 W NIKE SHOX TL 女鞋 白(AR3566100),NIKE ,"3,699",https://m.momoshop.com.tw/goods.momo?i_code=12012629&mdiv=searchEngine&oid=29_15&kw=%E5%A5%B3%E9%9E%8B,白色
【ecco】MULTI-VENT 全方位城市戶外運動休閒鞋 女(白 88012301007),ecco,"8,680",https://m.momoshop.com.tw/goods.momo?i_code=6417204&mdiv=searchEngine&oid=27_3&kw=%E5%A5%B3%E9%9E%8B,白色
【People Footwear】加拿大休閒鞋 防水鞋 涼鞋 平底鞋 拖鞋(SENNA KIDS 小辛那),People Footwear,"1,280",https://m.momoshop.com.tw/goods.momo?i_code=11106041&mdiv=searchEngine&oid=15_15&kw=%E5%A5%B3%E9%9E%8B,白色藍色粉紅色
【adidas 愛迪達】adidas stan smith系列休閒運動鞋(女/白+螢光桃紅),adidas ,"5,680",https://m.momoshop.com.tw/goods.momo?i_code=7648349&mdiv=searchEngine&oid=16_15&kw=%E5%A5%B3%E9%9E%8B,白色桃色粉紅色
【MLB】MONOGRAM厚底老爹鞋 增高鞋 Big Ball Chunky系列(3ASHCDM2N/3ASHBMN3N/3ASXCBO3N-六款任選),MLB,"4,390",https://m.momoshop.com.tw/goods.momo?i_code=10712252&mdiv=searchEngine&oid=15_12&kw=%E5%A5%B3%E9%9E%8B,黑色白色綠色藍色棕色/咖啡色卡其色
【FUFA Shoes 富發牌】momo獨家鞋款 小白鞋 休閒鞋 餅乾鞋 豆豆鞋(女鞋/女休閒鞋/女懶人鞋/真皮鞋),FUFA Shoes ,584,https://m.momoshop.com.tw/goods.momo?i_code=11388052&mdiv=searchEngine&oid=18_15&kw=%E5%A5%B3%E9%9E%8B,黑色白色灰色藍色粉紅色
【NEW BALANCE】NB 302 復古運動鞋 休閒鞋 女鞋 男鞋 厚底 增高 白 粉 紫 綠 黑(CT302LA-D CT302SP-D),NEW BALANCE,"2,880",https://m.momoshop.com.tw/goods.momo?i_code=9500627&mdiv=searchEngine&oid=5_19&kw=%E5%A5%B3%E9%9E%8B,黑色白色黃色綠色紫色米色桃色粉紅色多色
【PUMA官方旗艦】Electron E 休閒運動鞋 男女共同 38043510,PUMA,"1,980",https://m.momoshop.com.tw/goods.momo?i_code=11801645&mdiv=searchEngine&oid=12_7&kw=%E5%A5%B3%E9%9E%8B,黑色
【bebehome】潮款踩屎感軟底包頭兩用洞洞鞋(水陸兩用休閒鞋/透氣涼拖鞋/沙灘鞋),bebehome,549,https://m.momoshop.com.tw/goods.momo?i_code=11682852&mdiv=searchEngine&oid=6_6&kw=%E5%A5%B3%E9%9E%8B,白色灰色米色卡其色
【NIKE 耐吉】Run Swift 3 女鞋 黑白色 訓練 緩震 慢跑 運動 休閒 慢跑鞋 DR2698-002,NIKE ,"1,311",https://m.momoshop.com.tw/goods.momo?i_code=12116876&mdiv=searchEngine&oid=27_5&kw=%E5%A5%B3%E9%9E%8B,多色
【moz】瑞典 駝鹿 白小胖 防潑水 舒適皮質增高厚底鞋(奶茶),moz,"3,580",https://m.momoshop.com.tw/goods.momo?i_code=10547404&mdiv=searchEngine&oid=10_11&kw=%E5%A5%B3%E9%9E%8B,白色米色棕色/咖啡色
【PUMA】休閒鞋 Tori 女鞋 小白鞋 百搭 皮革 微厚底 增高 單一價(389341-02),PUMA,"2,280",https://m.momoshop.com.tw/goods.momo?i_code=11848474&mdiv=searchEngine&oid=14_9&kw=%E5%A5%B3%E9%9E%8B,黑色白色藍色紫色粉紅色
【Alberta】休閒鞋 老爹鞋 運動鞋 雙材質網布/皮質拼色綁帶穿脫厚底5cm包鞋,Alberta,630,https://m.momoshop.com.tw/goods.momo?i_code=11363073&mdiv=searchEngine&oid=1_6&kw=%E5%A5%B3%E9%9E%8B,多色
【NIKE 耐吉】休閒鞋 女鞋 運動鞋 皮革 厚底 W COURT VISION ALTA LTR 白 DM0113-100,NIKE ,"2,700",https://m.momoshop.com.tw/goods.momo?i_code=9821887&mdiv=searchEngine&oid=28_17&kw=%E5%A5%B3%E9%9E%8B,白色
【FitFlop】RALLY e01 MULTI-KNIT TRAINERS運動風繫帶休閒鞋-女(靚黑色),FitFlop,"4,250",https://m.momoshop.com.tw/goods.momo?i_code=10636751&mdiv=searchEngine&oid=26_8&kw=%E5%A5%B3%E9%9E%8B,黑色
【Keds】經典熱賣小白鞋專區-多款選(MOMO特談價),Keds,"1,290",https://m.momoshop.com.tw/goods.momo?i_code=11330325&mdiv=searchEngine&oid=4_14&kw=%E5%A5%B3%E9%9E%8B,白色多色
【NIKE 耐吉】休閒鞋 Wmns V2K Run 女鞋 復古 老爹鞋(FD0736-100 米白 銀 Y2K),NIKE ,"4,980",https://m.momoshop.com.tw/goods.momo?i_code=12115520&mdiv=searchEngine&oid=19_19&kw=%E5%A5%B3%E9%9E%8B,白色灰色
【MLB】大尺碼 老爹鞋 Big Ball Chunky系列 洋基隊 道奇隊 紅襪隊(3ASHC312N-三款任選),MLB,"2,790",https://m.momoshop.com.tw/goods.momo?i_code=9958536&mdiv=searchEngine&oid=3_12&kw=%E5%A5%B3%E9%9E%8B,白色
【A.S.O 阿瘦集團】女款輕量飛織漫步休閒鞋(4款任選),A.S.O ,"1,590",https://m.momoshop.com.tw/goods.momo?i_code=11960880&mdiv=searchEngine&oid=21_1&kw=%E5%A5%B3%E9%9E%8B,黑色灰色紅色綠色藍色米色桃色粉紅色多色
【J&H collection】戶外休閒增高舒適軟底短靴(現+預  黑色／棕色),J&H collection,"1,295",https://m.momoshop.com.tw/goods.momo?i_code=11930787&mdiv=searchEngine&oid=19_4&kw=%E5%A5%B3%E9%9E%8B,黑色棕色/咖啡色
【SKECHERS】女鞋 休閒系列 瞬穿舒適科技 ULTRA FLEX 3.0(149709MVE),SKECHERS,"3,090",https://m.momoshop.com.tw/goods.momo?i_code=11076924&mdiv=searchEngine&oid=10_5&kw=%E5%A5%B3%E9%9E%8B,粉紅色
【CONVERSE品牌旗艦店】RUN STAR MOTION OX 低筒 休閒鞋 男鞋 女鞋 2款任選(172895C 172896C),CONVERSE,"2,783",https://m.momoshop.com.tw/goods.momo?i_code=10387445&mdiv=searchEngine&oid=5_5&kw=%E5%A5%B3%E9%9E%8B,黑色白色
【SKECHERS】女鞋 運動系列 D LUX FITNESS(149836BKMT),SKECHERS,"3,090",https://m.momoshop.com.tw/goods.momo?i_code=10851797&mdiv=searchEngine&oid=15_17&kw=%E5%A5%B3%E9%9E%8B,黑色多色
【NEW BALANCE】NB 運動鞋/復古鞋_男鞋/女鞋_奶白色_MS327CQ-D,NEW BALANCE,"2,980",https://m.momoshop.com.tw/goods.momo?i_code=10928400&mdiv=searchEngine&oid=21_15&kw=%E5%A5%B3%E9%9E%8B,米色
【PUMA官方旗艦】Electron 2.0 休閒運動鞋 男女共同 38566918,PUMA,"2,280",https://m.momoshop.com.tw/goods.momo?i_code=11504613&mdiv=searchEngine&oid=9_15&kw=%E5%A5%B3%E9%9E%8B,白色
【NIKE 耐吉】休閒鞋 Court Royale 2 Suede 奶茶 焦糖底 女鞋 麂皮(CZ0218-100),NIKE ,"1,880",https://m.momoshop.com.tw/goods.momo?i_code=11913901&mdiv=searchEngine&oid=2_7&kw=%E5%A5%B3%E9%9E%8B,米色卡其色
【NIKE 耐吉】休閒鞋 nike Dunk Low Photon Dust 灰白 板鞋 女休閒鞋 女鞋 DD1503-103,NIKE ,"8,880",https://m.momoshop.com.tw/goods.momo?i_code=11222953&mdiv=searchEngine&oid=2_16&kw=%E5%A5%B3%E9%9E%8B,灰色
【PUMA】休閒鞋 女鞋 運動鞋 厚底 Carina Street 白粉紫 38939010,PUMA,"2,380",https://m.momoshop.com.tw/goods.momo?i_code=11944325&mdiv=searchEngine&oid=28_2&kw=%E5%A5%B3%E9%9E%8B,多色
【NIKE 耐吉】Court Vision Low NN 女鞋 白色 小白鞋 經典 穿搭 平價 休閒鞋 DH3158-100,NIKE ,"1,280",https://m.momoshop.com.tw/goods.momo?i_code=11622930&mdiv=searchEngine&oid=6_7&kw=%E5%A5%B3%E9%9E%8B,多色
【MATERIAL 瑪特麗歐】女鞋 老爹鞋 真皮鞋墊 小白鞋 休閒鞋 懶人鞋 組品(休閒鞋),MATERIAL ,"1,080",https://m.momoshop.com.tw/goods.momo?i_code=11575501&mdiv=searchEngine&oid=17_4&kw=%E5%A5%B3%E9%9E%8B,多色
【NIKE 耐吉】AIR MAX FLYKNIT RACER 運動鞋 休閒鞋 女鞋  黑彩(DM9073300),NIKE ,"1,399",https://m.momoshop.com.tw/goods.momo?i_code=11516687&mdiv=searchEngine&oid=22_15&kw=%E5%A5%B3%E9%9E%8B,黑色米色粉紅色多色
【SKECHERS】女鞋 運動系列 FLEX APPEAL 4.0(149309BBK),SKECHERS,"3,490",https://m.momoshop.com.tw/goods.momo?i_code=11349484&mdiv=searchEngine&oid=22_17&kw=%E5%A5%B3%E9%9E%8B,黑色
【NEW BALANCE】NB 運動鞋/復古鞋_男鞋/女鞋_灰白色_MS327NH-D_U327EE-D(327系列多款任選),NEW BALANCE,"2,980",https://m.momoshop.com.tw/goods.momo?i_code=11006900&mdiv=searchEngine&oid=29_2&kw=%E5%A5%B3%E9%9E%8B,灰色
【NIKE 耐吉】休閒鞋 Wmns AF1 Shadow 女鞋 白 卡其 奶茶 拼接 皮革 解構 雙勾(DV7449-100),NIKE,"2,680",https://m.momoshop.com.tw/goods.momo?i_code=11719396&mdiv=searchEngine&oid=16_18&kw=%E5%A5%B3%E9%9E%8B,白色卡其色
【SNAIL 蝸牛】細繩編織金蔥細絲珠光感輕量厚底休閒懶人鞋(米色、灰色、黑色、黑白),SNAIL ,930,https://m.momoshop.com.tw/goods.momo?i_code=5357063&mdiv=searchEngine&oid=17_6&kw=%E5%A5%B3%E9%9E%8B,黑色白色灰色米色
【SKECHERS】女鞋 運動系列 SKECH-LITE PRO 寬楦款(149992WCHAR),SKECHERS,"2,490",https://m.momoshop.com.tw/goods.momo?i_code=10501167&mdiv=searchEngine&oid=13_12&kw=%E5%A5%B3%E9%9E%8B,灰色
【adidas 愛迪達】運動鞋 休閒鞋 男鞋 女鞋(IE2006&HP6642&ID7372&HP6646&ID2293&ID2279),adidas ,"2,490",https://m.momoshop.com.tw/goods.momo?i_code=11984785&mdiv=searchEngine&oid=14_15&kw=%E5%A5%B3%E9%9E%8B,黑色白色藍色
【NEW BALANCE】休閒鞋 574 女鞋 灰 粉紅 經典 復古 NB 紐巴倫 麂皮 IU著用 李知恩(WL574RC-B),NEW BALANCE,"2,380",https://m.momoshop.com.tw/goods.momo?i_code=11149517&mdiv=searchEngine&oid=20_3&kw=%E5%A5%B3%E9%9E%8B,灰色粉紅色
【CONVERSE品牌旗艦店】RUN STAR MOTION HI 高筒 休閒鞋 男鞋 女鞋 2款任選(171545C 171546C),CONVERSE,"2,958",https://m.momoshop.com.tw/goods.momo?i_code=10156172&mdiv=searchEngine&oid=23_7&kw=%E5%A5%B3%E9%9E%8B,黑色白色
【SKECHERS】女鞋 休閒系列 ARCH FIT REFINE 寬楦版(104164WBBK),SKECHERS,"2,990",https://m.momoshop.com.tw/goods.momo?i_code=10419621&mdiv=searchEngine&oid=19_13&kw=%E5%A5%B3%E9%9E%8B,黑色
【Crocs】中性鞋 經典泡芙Clog(207521-100),Crocs,"2,180",https://m.momoshop.com.tw/goods.momo?i_code=11245914&mdiv=searchEngine&oid=8_8&kw=%E5%A5%B3%E9%9E%8B,白色
【NIKE 耐吉】休閒鞋 女鞋 運動鞋 情人節 W AIR FORCE 1 07 SE PRM 紅白 FZ5068-161,NIKE ,"3,600",https://m.momoshop.com.tw/goods.momo?i_code=12259602&mdiv=searchEngine&oid=29_13&kw=%E5%A5%B3%E9%9E%8B,多色
【FILA】休閒鞋 Hidden Tape 女鞋 老爹鞋 復古 運動鞋 厚底 微增高 小白鞋 斐樂 多色 單一價(5J929W400),FILA,"1,580",https://m.momoshop.com.tw/goods.momo?i_code=11078256&mdiv=searchEngine&oid=4_3&kw=%E5%A5%B3%E9%9E%8B,多色
【NEW BALANCE】NB 運動鞋/復古鞋_男鞋/女鞋_純淨白_M1906DE-D,NEW BALANCE,"3,904",https://m.momoshop.com.tw/goods.momo?i_code=11666874&mdiv=searchEngine&oid=9_4&kw=%E5%A5%B3%E9%9E%8B,白色
【Keds】ALLEY 極簡時尚皮革休閒鞋-白(9221W123383),Keds,"1,743",https://m.momoshop.com.tw/goods.momo?i_code=10446727&mdiv=searchEngine&oid=4_7&kw=%E5%A5%B3%E9%9E%8B,白色
【SKECHERS】女款 廣告款 足弓支撐健走休閒鞋(多款),SKECHERS,"3,090",https://m.momoshop.com.tw/goods.momo?i_code=11944118&mdiv=searchEngine&oid=5_2&kw=%E5%A5%B3%E9%9E%8B,黑色白色灰色藍色米色粉紅色多色
【FILA】休閒鞋 Filament 女鞋 米白 奶茶 黑 老爹鞋 復古 厚底 增高 斐樂(5J934X991),FILA,"1,680",https://m.momoshop.com.tw/goods.momo?i_code=11577026&mdiv=searchEngine&oid=9_11&kw=%E5%A5%B3%E9%9E%8B,黑色米色
【NEW BALANCE】NB 327 復古鞋 休閒鞋 W 寬楦 大童鞋 女生可穿(GS327BA GS327WR GS327FE),NEW BALANCE,"2,280",https://m.momoshop.com.tw/goods.momo?i_code=11920591&mdiv=searchEngine&oid=7_1&kw=%E5%A5%B3%E9%9E%8B,白色
【K-SWISS】輕量訓練鞋 Tubes 200-男女-六款任選(快倉限定),K-SWISS,"2,480",https://m.momoshop.com.tw/goods.momo?i_code=11218555&mdiv=searchEngine&oid=10_1&kw=%E5%A5%B3%E9%9E%8B,黑色白色灰色紅色綠色藍色粉紅色
【MLB】MONOGRAM老爹鞋 Chunky Classic系列 紐約洋基隊(3ASXAM82N-兩色任選),MLB,"4,390",https://m.momoshop.com.tw/goods.momo?i_code=9933883&mdiv=searchEngine&oid=7_8&kw=%E5%A5%B3%E9%9E%8B,黑色白色卡其色
【T2R】正韓空運-真皮拼接條紋造型內增高厚底老爹鞋-增高約7.5公分-白/粉(5985-2574/5985-2575),T2R,"2,580",https://m.momoshop.com.tw/goods.momo?i_code=11223599&mdiv=searchEngine&oid=26_3&kw=%E5%A5%B3%E9%9E%8B,白色粉紅色
【NEW BALANCE】NB 健走鞋_女鞋_灰杏色_WW1880M1-D,NEW BALANCE,"2,880",https://m.momoshop.com.tw/goods.momo?i_code=11490096&mdiv=searchEngine&oid=20_15&kw=%E5%A5%B3%E9%9E%8B,米色
【PUMA官方旗艦】Pulsar Wedge Wns Deboss 流行休閒鞋 女性 39644901,PUMA,,https://m.momoshop.com.tw/goods.momo?i_code=11930458&mdiv=searchEngine&oid=12_9&kw=%E5%A5%B3%E9%9E%8B,白色
【NIKE 耐吉】休閒鞋 nike Dunk Low Photon Dust 灰白 板鞋 女休閒鞋 女鞋 DD1503-103,NIKE ,"8,880",https://m.momoshop.com.tw/goods.momo?i_code=11573205&mdiv=searchEngine&oid=10_8&kw=%E5%A5%B3%E9%9E%8B,灰色
【PAMAX 帕瑪斯】★頂級超彈力氣墊鞋墊、★全雙抗菌、氣體循環不悶熱(AIR002 /男女),PAMAX ,399,https://m.momoshop.com.tw/goods.momo?i_code=3269451&mdiv=searchEngine&oid=10_2&kw=%E5%A5%B3%E9%9E%8B,黑色
【PLAYBOY】百搭舒適休閒鞋  多款(台灣製),PLAYBOY,990,https://m.momoshop.com.tw/goods.momo?i_code=11165124&mdiv=searchEngine&oid=19_9&kw=%E5%A5%B3%E9%9E%8B,多色
【NIKE 耐吉】W Jordan 1 Low Panda 女鞋 黑白色 熊貓 喬丹 經典 潮流 休閒鞋 DC0774-101,NIKE ,"3,980",https://m.momoshop.com.tw/goods.momo?i_code=11471173&mdiv=searchEngine&oid=28_8&kw=%E5%A5%B3%E9%9E%8B,多色
【CONVERSE品牌旗艦店】CTAS LIFT 女款 休閒鞋 厚底鞋 高筒 3款任選(560846C 560845C 572709C),CONVERSE,"1,738",https://m.momoshop.com.tw/goods.momo?i_code=9618100&mdiv=searchEngine&oid=19_17&kw=%E5%A5%B3%E9%9E%8B,黑色白色粉紅色
【SKECHERS】女款 輕量綁帶運動鞋(多款),SKECHERS,"3,290",https://m.momoshop.com.tw/goods.momo?i_code=11991030&mdiv=searchEngine&oid=25_7&kw=%E5%A5%B3%E9%9E%8B,黑色白色灰色藍色米色粉紅色多色
【NIKE 耐吉】休閒鞋 W Air Jordan 1代 女鞋 小Dior 低筒 喬丹 AJ1 果凍底 白 灰(DC0774-105),NIKE ,"4,180",https://m.momoshop.com.tw/goods.momo?i_code=9082279&mdiv=searchEngine&oid=8_4&kw=%E5%A5%B3%E9%9E%8B,白色灰色
【NIKE 耐吉】休閒鞋 女鞋 男鞋 大童 運動鞋 慢跑鞋 共6款(DH3161101 DX9041003 BQ5448100 905373003),NIKE ,"2,000",https://m.momoshop.com.tw/goods.momo?i_code=12159791&mdiv=searchEngine&oid=7_14&kw=%E5%A5%B3%E9%9E%8B,黑色白色多色
【SCANDINAVIAN FOREST 北歐小刺蝟】FLOW608長腿輕量復古休閒老爹鞋(多色任選),SCANDINAVIAN FOREST ,"2,280",https://m.momoshop.com.tw/goods.momo?i_code=10843504&mdiv=searchEngine&oid=2_8&kw=%E5%A5%B3%E9%9E%8B,黑色白色米色卡其色多色
【baibeauty 白鳥麗子】優雅水鑽釦飾皮革拼接網布氣墊造型厚底包鞋(休閒鞋),baibeauty ,"2,180",https://m.momoshop.com.tw/goods.momo?i_code=11380000&mdiv=searchEngine&oid=10_7&kw=%E5%A5%B3%E9%9E%8B,黑色灰色米色
【NIKE 耐吉】休閒鞋 運動鞋 W NIKE SPARK 女鞋 粉(DJ6945600),NIKE ,"2,660",https://m.momoshop.com.tw/goods.momo?i_code=10763243&mdiv=searchEngine&oid=5_16&kw=%E5%A5%B3%E9%9E%8B,粉紅色
【PAMAX 帕瑪斯】★帕瑪斯銀纖維氣墊鞋墊★日本專利 『銀纖維氣墊』抗菌防臭 ★(AIR001 /男女),PAMAX ,299,https://m.momoshop.com.tw/goods.momo?i_code=3389382&mdiv=searchEngine&oid=11_16&kw=%E5%A5%B3%E9%9E%8B,黑色
【PUMA官方旗艦】Mayze Stack Wns 休閒運動鞋 女性 38436313,PUMA,"3,580",https://m.momoshop.com.tw/goods.momo?i_code=11013209&mdiv=searchEngine&oid=18_2&kw=%E5%A5%B3%E9%9E%8B,白
【PUMA官方旗艦】獨家限定女鞋 慢跑鞋 運動鞋 多色多款任選,PUMA,"2,580",https://m.momoshop.com.tw/goods.momo?i_code=9442793&mdiv=searchEngine&oid=4_9&kw=%E5%A5%B3%E9%9E%8B,黑色白色米色
【nono house】an.an 雪靴/短靴/長靴/跟靴/真皮/馬汀靴/彈性靴(多款任選),nono house,"3,480",https://m.momoshop.com.tw/goods.momo?i_code=12047963&mdiv=searchEngine&oid=3_15&kw=%E5%A5%B3%E9%9E%8B,黑色白色米色棕色/咖啡色卡其色
【J&H collection】皮質透氣輕量休閒健走鞋(現+預 白色 / 玫紅 / 黑色),J&H collection,"1,450",https://m.momoshop.com.tw/goods.momo?i_code=5585095&mdiv=searchEngine&oid=5_3&kw=%E5%A5%B3%E9%9E%8B,黑色白色桃色
【adidas 愛迪達】運動鞋 慢跑鞋 男鞋 ADIZERO SL(ID6924),adidas ,"2,443",https://m.momoshop.com.tw/goods.momo?i_code=11919024&mdiv=searchEngine&oid=21_8&kw=%E5%A5%B3%E9%9E%8B,白色
【NEW BALANCE】NB 復古鞋/運動鞋_中性_米灰色_M1906NC-D(IU著用款),NEW BALANCE,"4,880",https://m.momoshop.com.tw/goods.momo?i_code=12276077&mdiv=searchEngine&oid=3_16&kw=%E5%A5%B3%E9%9E%8B,灰色米色
【NEW BALANCE】NB 運動鞋/復古鞋_男鞋/女鞋_海軍藍_M2002RDO-D,NEW BALANCE,"4,212",https://m.momoshop.com.tw/goods.momo?i_code=11926645&mdiv=searchEngine&oid=17_8&kw=%E5%A5%B3%E9%9E%8B,藍色
【NIKE 耐吉】WMNS AIR FORCE 1 07 ESS 女休閒運動鞋 彩色小勾 白(CT1989101),NIKE ,"2,880",https://m.momoshop.com.tw/goods.momo?i_code=12213594&mdiv=searchEngine&oid=24_12&kw=%E5%A5%B3%E9%9E%8B,白色
【FUFA Shoes 富發牌】名媛休閒厚底增高懶人鞋-黑/白 1BE07(女鞋/女懶人鞋/小白鞋/厚底鞋),FUFA Shoes ,790,https://m.momoshop.com.tw/goods.momo?i_code=7469275&mdiv=searchEngine&oid=26_7&kw=%E5%A5%B3%E9%9E%8B,黑色白色
【NIKE 耐吉】WAFFLE DEBUT 運動鞋 休閒鞋 女鞋  白色(DH9523100),NIKE ,"1,562",https://m.momoshop.com.tw/goods.momo?i_code=11678328&mdiv=searchEngine&oid=28_20&kw=%E5%A5%B3%E9%9E%8B,白色
【CONVERSE品牌旗艦店】RUN STAR HIKE HI 高筒 休閒鞋 厚底鞋 男鞋 女鞋 咖啡色(A03061C),CONVERSE,"1,863",https://m.momoshop.com.tw/goods.momo?i_code=10963520&mdiv=searchEngine&oid=25_6&kw=%E5%A5%B3%E9%9E%8B,棕色/咖啡色卡其色
【NIKE 耐吉】AIR JORDAN 4 RETRO GS MIDNIGHT NAVY 大童鞋 女段 白色(408452-140),NIKE,"7,280",https://m.momoshop.com.tw/goods.momo?i_code=10736036&mdiv=searchEngine&oid=17_14&kw=%E5%A5%B3%E9%9E%8B,白色藍色
【bebehome】潮款踩屎感軟底包頭兩用洞洞鞋(水陸兩用休閒鞋/透氣涼拖鞋/沙灘鞋),bebehome,549,https://m.momoshop.com.tw/goods.momo?i_code=11682852&mdiv=searchEngine&oid=5_14&kw=%E5%A5%B3%E9%9E%8B,白色灰色米色卡其色
【SKECHERS】女款 入門綁帶休閒慢跑鞋(多款),SKECHERS,"3,290",https://m.momoshop.com.tw/goods.momo?i_code=11933910&mdiv=searchEngine&oid=4_17&kw=%E5%A5%B3%E9%9E%8B,黑色白色灰色藍色米色粉紅色多色
【moz】瑞典駝鹿綁帶式併色帆布餅乾鞋(可可),moz,"2,380",https://m.momoshop.com.tw/goods.momo?i_code=9172279&mdiv=searchEngine&oid=23_6&kw=%E5%A5%B3%E9%9E%8B,白色棕色/咖啡色
【SANDARU 山打努】小白鞋 超軟Q免綁帶防磨腳休閒鞋(白),SANDARU ,699,https://m.momoshop.com.tw/goods.momo?i_code=10431054&mdiv=searchEngine&oid=14_12&kw=%E5%A5%B3%E9%9E%8B,白色
【SKECHERS】女鞋 運動系列 FLEX APPEAL 4.0 寬楦款(149586WBKMT),SKECHERS,"2,590",https://m.momoshop.com.tw/goods.momo?i_code=10957537&mdiv=searchEngine&oid=28_11&kw=%E5%A5%B3%E9%9E%8B,黑色多色
【J&H collection】百搭真皮舒適平底小白鞋(現+預  白綠色/白灰色),J&H collection,"1,378",https://m.momoshop.com.tw/goods.momo?i_code=10226303&mdiv=searchEngine&oid=24_10&kw=%E5%A5%B3%E9%9E%8B,灰色綠色
【NEW BALANCE】NB 復古休閒鞋/運動鞋_男鞋/女鞋_黑灰色_U9060BLK-D,NEW BALANCE,"3,978",https://m.momoshop.com.tw/goods.momo?i_code=11447770&mdiv=searchEngine&oid=26_12&kw=%E5%A5%B3%E9%9E%8B,黑色灰色
【NIKE 耐吉】V2K Runtekk 女鞋 白綠色 千禧風 復古 老爹鞋 運動 休閒鞋 FD0736-101,NIKE ,"2,300",https://m.momoshop.com.tw/goods.momo?i_code=11904051&mdiv=searchEngine&oid=23_8&kw=%E5%A5%B3%E9%9E%8B,多色
【SKECHERS】女 休閒系列 GLIDE-STEP ALLURE(104303NVMT),SKECHERS,"2,990",https://m.momoshop.com.tw/goods.momo?i_code=11360750&mdiv=searchEngine&oid=23_4&kw=%E5%A5%B3%E9%9E%8B,藍色
【NEW BALANCE】NB 2002R運動鞋/復古鞋_男鞋/女鞋_M2002RSB-D_M2002RSC-D_M2002RSD-D,NEW BALANCE,"3,499",https://m.momoshop.com.tw/goods.momo?i_code=11299277&mdiv=searchEngine&oid=7_12&kw=%E5%A5%B3%E9%9E%8B,灰色藍色卡其色
【NIKE 耐吉】Tech Hera 女鞋 黑白色 復古 麂皮 老爹鞋 運動 休閒 休閒鞋 DR9761-101,NIKE ,"1,650",https://m.momoshop.com.tw/goods.momo?i_code=11611372&mdiv=searchEngine&oid=28_6&kw=%E5%A5%B3%E9%9E%8B,多色
【NEW BALANCE】NB 運動鞋/復古鞋_中性_淺灰色_CM996BT-D,NEW BALANCE,"3,650",https://m.momoshop.com.tw/goods.momo?i_code=10717863&mdiv=searchEngine&oid=14_11&kw=%E5%A5%B3%E9%9E%8B,灰色
【NEW BALANCE】NB 復古鞋/運動鞋_男鞋/女鞋_深銀灰_M1906REH-D(李函著用款),NEW BALANCE,"4,680",https://m.momoshop.com.tw/goods.momo?i_code=12290338&mdiv=searchEngine&oid=14_20&kw=%E5%A5%B3%E9%9E%8B,灰色銀色
【NIKE 耐吉】Wmns Zoom Vomero 5 灰黑復古 休閒女鞋 FB8825-001,NIKE ,"3,820",https://m.momoshop.com.tw/goods.momo?i_code=10893980&mdiv=searchEngine&oid=27_9&kw=%E5%A5%B3%E9%9E%8B,黑色灰色
【NEW BALANCE】NB 復古休閒鞋/運動鞋_男鞋/女鞋_MR530SG-D_MR530CK-D_MR530OW-D,NEW BALANCE,"3,080",https://m.momoshop.com.tw/goods.momo?i_code=8892552&mdiv=searchEngine&oid=12_19&kw=%E5%A5%B3%E9%9E%8B,白色米色卡其色
【NIKE 耐吉】休閒鞋 女鞋 運動鞋 W PHOENIX WAFFLE 白紅 FZ3600-072,NIKE ,"2,790",https://m.momoshop.com.tw/goods.momo?i_code=12239421&mdiv=searchEngine&oid=8_20&kw=%E5%A5%B3%E9%9E%8B,多色
【NIKE 耐吉】休閒鞋 Wmns City Classic Boot 女鞋 棕 土黃 靴子 戶外 麂皮 登山 厚底(DQ5601-710),NIKE ,"1,980",https://m.momoshop.com.tw/goods.momo?i_code=10630364&mdiv=searchEngine&oid=2_6&kw=%E5%A5%B3%E9%9E%8B,棕色/咖啡色
【NIKE 耐吉】休閒鞋 Wmns Air Max Dawn 女鞋 男鞋 白 奶茶 麂皮 氣墊 運動鞋(DX5655-100),NIKE ,"2,680",https://m.momoshop.com.tw/goods.momo?i_code=11837199&mdiv=searchEngine&oid=1_20&kw=%E5%A5%B3%E9%9E%8B,白色米色
【NIKE 耐吉】休閒鞋 女鞋 大童 運動鞋 COURT BOROUGH LOW 2 共7款(BQ5448123 BQ5448124 DQ5979100),NIKE ,"1,900",https://m.momoshop.com.tw/goods.momo?i_code=12159790&mdiv=searchEngine&oid=11_7&kw=%E5%A5%B3%E9%9E%8B,白色多色
【PUMA】慢跑鞋 女鞋 男鞋 運動鞋 共11款(37702831 37872901 38626921 37702828 37702823 37820903),PUMA,"2,580",https://m.momoshop.com.tw/goods.momo?i_code=12189119&mdiv=searchEngine&oid=4_4&kw=%E5%A5%B3%E9%9E%8B,黑色白色粉紅色多色
【NIKE 耐吉】V2K Run Runtekk Summit White Metallic Silver 女鞋  銀白色 Y2K  復古 老爹鞋  FD0736-100,NIKE ,"4,980",https://m.momoshop.com.tw/goods.momo?i_code=12047350&mdiv=searchEngine&oid=6_20&kw=%E5%A5%B3%E9%9E%8B,白色灰色米色銀色
【NEW BALANCE】NB 運動鞋/復古鞋_女鞋_WS327OU-B(MOMO獨家販售),NEW BALANCE,"2,980",https://m.momoshop.com.tw/goods.momo?i_code=11937442&mdiv=searchEngine&oid=1_8&kw=%E5%A5%B3%E9%9E%8B,綠色
【MLB】老爹鞋 Chunky Runner系列 洋基/紅襪/道奇隊(3ASHRJ13N-3款任選),MLB,"4,390",https://m.momoshop.com.tw/goods.momo?i_code=11130998&mdiv=searchEngine&oid=2_9&kw=%E5%A5%B3%E9%9E%8B,黑色白色卡其色
【NEW BALANCE】NB 運動鞋/復古鞋_男鞋/女鞋_白色_U9060VNB-D,NEW BALANCE,"4,880",https://m.momoshop.com.tw/goods.momo?i_code=11666877&mdiv=searchEngine&oid=13_15&kw=%E5%A5%B3%E9%9E%8B,白色
【Pretty】女 小白鞋 休閒鞋 皮革 厚底 增高 免綁帶(綠色、白色),Pretty,582,https://m.momoshop.com.tw/goods.momo?i_code=11367163&mdiv=searchEngine&oid=18_12&kw=%E5%A5%B3%E9%9E%8B,白色米色
【SKECHERS】女鞋 機能健走休閒鞋(多款),SKECHERS,"3,090",https://m.momoshop.com.tw/goods.momo?i_code=11975887&mdiv=searchEngine&oid=12_2&kw=%E5%A5%B3%E9%9E%8B,黑色白色灰色藍色米色粉紅色多色
【NIKE 耐吉】休閒鞋 Wmns Air Jordan 1 女鞋 男鞋 黑 白 低筒 熊貓 復古 絲綢 運動鞋(FB9893-101),NIKE ,"2,680",https://m.momoshop.com.tw/goods.momo?i_code=12188377&mdiv=searchEngine&oid=4_11&kw=%E5%A5%B3%E9%9E%8B,黑色白色
【J&H collection】韓版百搭高筒厚底運動休閒鞋(現+預  米白色 / 白紅色 / 白黑色),J&H collection,"1,195",https://m.momoshop.com.tw/goods.momo?i_code=11086082&mdiv=searchEngine&oid=28_18&kw=%E5%A5%B3%E9%9E%8B,紅色米色
【moz】瑞典 駝鹿 白小胖 防潑水 舒適皮質增高厚底鞋(北卡藍),moz,"3,580",https://m.momoshop.com.tw/goods.momo?i_code=10547403&mdiv=searchEngine&oid=9_13&kw=%E5%A5%B3%E9%9E%8B,白色藍色
【T2R】正韓空運-預購-真皮特殊帆布拼接內增高老爹鞋-增高約6公分-駝/粉(5985-2609/5985-2610),T2R,"2,580",https://m.momoshop.com.tw/goods.momo?i_code=11287115&mdiv=searchEngine&oid=10_17&kw=%E5%A5%B3%E9%9E%8B,卡其色粉紅色
【T2R】正韓空運-編織鞋帶潮流熱門厚底老爹鞋-增高約8公分-黑/米(5985-2196/5985-2197),T2R,"2,064",https://m.momoshop.com.tw/goods.momo?i_code=9446661&mdiv=searchEngine&oid=27_10&kw=%E5%A5%B3%E9%9E%8B,黑色米色
【LA NEW】職人經典休閒鞋/懶人鞋/淑女鞋(女/8款),LA NEW,"3,980",https://m.momoshop.com.tw/goods.momo?i_code=9806886&mdiv=searchEngine&oid=10_4&kw=%E5%A5%B3%E9%9E%8B,黑色藍色棕色/咖啡色
【NIKE 耐吉】Nike Dunk Low Light Smoke Grey 煙灰 灰 復古 休閒鞋 女鞋 奶油底 DD1503-117,NIKE ,"6,980",https://m.momoshop.com.tw/goods.momo?i_code=12304185&mdiv=searchEngine&oid=7_6&kw=%E5%A5%B3%E9%9E%8B,黑色白色灰色米色
【CONVERSE品牌旗艦店】RUN STAR HIKE HI 高筒 厚底鞋 休閒鞋 男鞋 女鞋 鞍褐色(A00852C),CONVERSE,"1,677",https://m.momoshop.com.tw/goods.momo?i_code=10317165&mdiv=searchEngine&oid=27_19&kw=%E5%A5%B3%E9%9E%8B,棕色/咖啡色
【SKECHERS】女鞋 戶外越野系列 HILLCREST 寬楦款(180020WTPMT),SKECHERS,"2,490",https://m.momoshop.com.tw/goods.momo?i_code=11329421&mdiv=searchEngine&oid=3_3&kw=%E5%A5%B3%E9%9E%8B,粉紅色多色
【NIKE 耐吉】休閒鞋 運動鞋 W NIKE SPARK 女鞋 粉(DJ6945600),NIKE ,"2,660",https://m.momoshop.com.tw/goods.momo?i_code=10763243&mdiv=searchEngine&oid=6_8&kw=%E5%A5%B3%E9%9E%8B,粉紅色
【MAGY】牛皮皮帶釦環中跟長靴(黑色),MAGY,"9,380",https://m.momoshop.com.tw/goods.momo?i_code=10657105&mdiv=searchEngine&oid=22_13&kw=%E5%A5%B3%E9%9E%8B,黑色
【NIKE 耐吉】 運動拖鞋 W NIKE VICTORI ONE SHWER SLIDE 男女 A-CZ7836001 B-BQ4639003 精選八款,NIKE ,"1,100",https://m.momoshop.com.tw/goods.momo?i_code=11378827&mdiv=searchEngine&oid=25_19&kw=%E5%A5%B3%E9%9E%8B,多色
【NEW BALANCE】NB 運動鞋/復古鞋_男鞋/女鞋_淺灰色_U9060GM-D,NEW BALANCE,"4,050",https://m.momoshop.com.tw/goods.momo?i_code=12160023&mdiv=searchEngine&oid=17_2&kw=%E5%A5%B3%E9%9E%8B,灰色
【NIKE 耐吉】休閒鞋 運動鞋 W AIR MAX DAWN 女鞋 白粉(DQ5016100),NIKE ,"2,603",https://m.momoshop.com.tw/goods.momo?i_code=11875194&mdiv=searchEngine&oid=29_7&kw=%E5%A5%B3%E9%9E%8B,白色粉紅色
【NEW BALANCE】NB 復古運動鞋_中性_UXC72SA-D_UXC72SB-D_UXC72IA-D_UXC72MA-D_UXC72TA-D_UXC72TC-D,NEW BALANCE,"3,480",https://m.momoshop.com.tw/goods.momo?i_code=10079954&mdiv=searchEngine&oid=28_10&kw=%E5%A5%B3%E9%9E%8B,橘色藍色
【adidas官方旗艦】Galaxy & Lite Racer & 精選跑鞋 男女款(共11款),adidas ,"2,090",https://m.momoshop.com.tw/goods.momo?i_code=11569713&mdiv=searchEngine&oid=6_19&kw=%E5%A5%B3%E9%9E%8B,白色藍色多色
【SKECHERS】女 休閒系列 D LITES(13167NTPK),SKECHERS,"2,890",https://m.momoshop.com.tw/goods.momo?i_code=11070007&mdiv=searchEngine&oid=26_14&kw=%E5%A5%B3%E9%9E%8B,藍色米色
【NIKE 耐吉】休閒鞋 厚底 增高 慢跑鞋 COURT LEGACY/RUN SWIFT 3 女鞋 多款任選(DM7590100&),NIKE ,"2,500",https://m.momoshop.com.tw/goods.momo?i_code=11664340&mdiv=searchEngine&oid=1_14&kw=%E5%A5%B3%E9%9E%8B,多色
【NIKE 耐吉】Air Jordan 1 High OG Lost Found 2022復刻 芝加哥配色 DZ5485-612(芝加哥配色),NIKE ,"14,000",https://m.momoshop.com.tw/goods.momo?i_code=10755889&mdiv=searchEngine&oid=22_14&kw=%E5%A5%B3%E9%9E%8B,白色紅色
【M.G.】防水保暖防滑厚毛絨雪地靴雪靴(36-42碼/3色可選),M.G.,512,https://m.momoshop.com.tw/goods.momo?i_code=8093157&mdiv=searchEngine&oid=12_12&kw=%E5%A5%B3%E9%9E%8B,黑色藍色
【NIKE 耐吉】休閒鞋 運動鞋 W NIKE AIR MAX INTRLK LITE 女鞋 黑(DX3705001),NIKE ,"1,796",https://m.momoshop.com.tw/goods.momo?i_code=11589972&mdiv=searchEngine&oid=3_10&kw=%E5%A5%B3%E9%9E%8B,黑色
【CONVERSE品牌旗艦店】CTAS ALL STAR LIFT 1970 低筒 休閒鞋 厚底鞋 男鞋 女鞋 白 黑(560251C 560250C),CONVERSE,"1,613",https://m.momoshop.com.tw/goods.momo?i_code=9200243&mdiv=searchEngine&oid=6_12&kw=%E5%A5%B3%E9%9E%8B,黑色白色綠色藍色卡其色
【NIKE 耐吉】W ZOOM VOMERO 5 復古鞋 女鞋 休閒運動鞋-灰黑(FB8825001),NIKE ,"3,600",https://m.momoshop.com.tw/goods.momo?i_code=12294640&mdiv=searchEngine&oid=24_6&kw=%E5%A5%B3%E9%9E%8B,黑色灰色
【asics 亞瑟士】JOLT 男女中性款 一般楦 超寬楦 慢跑鞋(多款任選),asics ,"1,980",https://m.momoshop.com.tw/goods.momo?i_code=11831827&mdiv=searchEngine&oid=21_10&kw=%E5%A5%B3%E9%9E%8B,黑色白色灰色綠色藍色紫色粉紅色多色
【NEW BALANCE】NB 運動鞋/復古鞋_男鞋/女鞋_237/CT302系列,NEW BALANCE,"2,680",https://m.momoshop.com.tw/goods.momo?i_code=11792593&mdiv=searchEngine&oid=2_3&kw=%E5%A5%B3%E9%9E%8B,多色
【CONVERSE】CTAS CRUISE HI 高筒 休閒鞋 帆布鞋 厚底鞋 輕量鞋 解構鞋 UU鞋 男鞋 女鞋 黑色(A04689C),CONVERSE,"2,083",https://m.momoshop.com.tw/goods.momo?i_code=11587823&mdiv=searchEngine&oid=18_19&kw=%E5%A5%B3%E9%9E%8B,黑色
【FILA】休閒鞋 Hidden Tape 6 女鞋 白 灰 皮革 老爹鞋 經典 復古(5J329X143),FILA,"1,580",https://m.momoshop.com.tw/goods.momo?i_code=11019939&mdiv=searchEngine&oid=23_10&kw=%E5%A5%B3%E9%9E%8B,白色
【SKECHERS】女鞋 運動系列 FLEX APPEAL 4.0 寬楦款(149586WWMLT),SKECHERS,"2,590",https://m.momoshop.com.tw/goods.momo?i_code=10957539&mdiv=searchEngine&oid=24_20&kw=%E5%A5%B3%E9%9E%8B,白色多色
【NIKE 耐吉】休閒鞋 Wmns AF1 Shadow 女鞋 米白 奶油 解構 經典 低筒 拼接(FQ6871-111),NIKE ,"3,580",https://m.momoshop.com.tw/goods.momo?i_code=11647907&mdiv=searchEngine&oid=26_5&kw=%E5%A5%B3%E9%9E%8B,白色粉紅色
【NIKE 耐吉】休閒鞋 運動鞋 NIKE DUNK LOW 男鞋 女鞋 多款任選(DV4024001&),NIKE ,"3,800",https://m.momoshop.com.tw/goods.momo?i_code=12039260&mdiv=searchEngine&oid=8_3&kw=%E5%A5%B3%E9%9E%8B,多色
【NEW BALANCE】NB 運動鞋/復古鞋_女鞋_WL373QA2-B_WL373OG2-B_WL373TG2-B_373系列(MOMO獨家販售),NEW BALANCE,"2,480",https://m.momoshop.com.tw/goods.momo?i_code=11052043&mdiv=searchEngine&oid=1_3&kw=%E5%A5%B3%E9%9E%8B,灰色棕色/咖啡色
【NEW BALANCE】NB 運動鞋/復古鞋_男鞋/女鞋_元祖灰_U327WED-D,NEW BALANCE,"3,080",https://m.momoshop.com.tw/goods.momo?i_code=11203360&mdiv=searchEngine&oid=7_17&kw=%E5%A5%B3%E9%9E%8B,灰色
【SKECHERS】女鞋 運動系列 SWITCH BACK(180162GYCL),SKECHERS,"2,690",https://m.momoshop.com.tw/goods.momo?i_code=11738028&mdiv=searchEngine&oid=18_11&kw=%E5%A5%B3%E9%9E%8B,灰色粉紅色
【ecco】STREET TRAY W 街頭趣闖皮革休閒鞋 女鞋(白色 29114301007),ecco,"6,380",https://m.momoshop.com.tw/goods.momo?i_code=11681109&mdiv=searchEngine&oid=22_18&kw=%E5%A5%B3%E9%9E%8B,白色
【NIKE 耐吉】慢跑鞋 籃球鞋 運動鞋 NIKE AIR MORE UPTEMPO GS 男女/大童 A-DQ6200001 精選五款,NIKE ,"2,400",https://m.momoshop.com.tw/goods.momo?i_code=11035928&mdiv=searchEngine&oid=29_8&kw=%E5%A5%B3%E9%9E%8B,多色
【Palladium】PALLASHOCK OUTCITY厚底拼接皮革巧克力鞋-女-靛藍(98877-425),Palladium,"2,980",https://m.momoshop.com.tw/goods.momo?i_code=11692360&mdiv=searchEngine&oid=22_4&kw=%E5%A5%B3%E9%9E%8B,藍色
【NIKE 耐吉】COURT BOROUGH LOW / COURT BOROUGH LOW 2 GS 女鞋 大童鞋 運動休閒鞋 多款任選(FV8120141 &),NIKE ,"1,900",https://m.momoshop.com.tw/goods.momo?i_code=12292339&mdiv=searchEngine&oid=25_8&kw=%E5%A5%B3%E9%9E%8B,白色多色
【LE COQ SPORTIF 公雞】休閒鞋/運動鞋 男鞋/女鞋-紅/黑色-LJO7323275,LE COQ SPORTIF ,"1,854",https://m.momoshop.com.tw/goods.momo?i_code=10365120&mdiv=searchEngine&oid=20_7&kw=%E5%A5%B3%E9%9E%8B,黑色白色紅色
【MUJI 無印良品】撥水加工舒適休閒鞋(灰紋樣),MUJI ,890,https://m.momoshop.com.tw/goods.momo?i_code=10965401&mdiv=searchEngine&oid=2_19&kw=%E5%A5%B3%E9%9E%8B,灰色
【NIKE 耐吉】W Air Jordan 1 Low Vintage Pand 復古熊貓 女鞋 休閒鞋(FB9893-101),NIKE ,"2,594",https://m.momoshop.com.tw/goods.momo?i_code=12077513&mdiv=searchEngine&oid=16_14&kw=%E5%A5%B3%E9%9E%8B,黑色白色
【NIKE 耐吉】休閒鞋 Dunk Low GS 頑皮豹 大童鞋 女鞋 粉紅色 紅色 經典 復刻 穿搭 經典(DH9765-600),NIKE ,"3,180",https://m.momoshop.com.tw/goods.momo?i_code=11994059&mdiv=searchEngine&oid=9_18&kw=%E5%A5%B3%E9%9E%8B,紅色粉紅色
【NIKE 耐吉】休閒鞋 運動鞋 AIR FORCE 1 多款任選(DO9456100&),NIKE ,"3,800",https://m.momoshop.com.tw/goods.momo?i_code=12015617&mdiv=searchEngine&oid=10_20&kw=%E5%A5%B3%E9%9E%8B,多色
【FAIR LADY】軟實力 復古免綁帶平底休閒鞋(奶油、502489),FAIR LADY,"4,680",https://m.momoshop.com.tw/goods.momo?i_code=9970322&mdiv=searchEngine&oid=17_19&kw=%E5%A5%B3%E9%9E%8B,白色
【NEW BALANCE】NB 運動鞋/復古鞋_男鞋/女鞋_奶油杏_M2002RDQ-D,NEW BALANCE,"3,499",https://m.momoshop.com.tw/goods.momo?i_code=11926646&mdiv=searchEngine&oid=4_12&kw=%E5%A5%B3%E9%9E%8B,米色
【moz】瑞典駝鹿綁帶式併色帆布餅乾鞋(鮮奶茶),moz,"2,380",https://m.momoshop.com.tw/goods.momo?i_code=9172278&mdiv=searchEngine&oid=25_11&kw=%E5%A5%B3%E9%9E%8B,白色棕色/咖啡色
【J&H collection】真皮透氣厚底內增高休閒鞋(現+預  白色 / 黑色),J&H collection,"1,285",https://m.momoshop.com.tw/goods.momo?i_code=9708162&mdiv=searchEngine&oid=21_7&kw=%E5%A5%B3%E9%9E%8B,黑色白色
【Alberta】7cm休閒鞋  率性休閒百搭 皮革厚底綁帶運動休閒鞋 老爹鞋,Alberta,799,https://m.momoshop.com.tw/goods.momo?i_code=10205124&mdiv=searchEngine&oid=9_12&kw=%E5%A5%B3%E9%9E%8B,多色
【NIKE 耐吉】休閒鞋 Wmns Air Max Dawn 女鞋 黑 金 復古 氣墊 麂皮 運動鞋(DZ2620-110),NIKE ,"3,180",https://m.momoshop.com.tw/goods.momo?i_code=11947633&mdiv=searchEngine&oid=7_7&kw=%E5%A5%B3%E9%9E%8B,黑色金色
【J&H collection】簡約英倫風格素色牛皮短靴(現+預  黑色／棕色),J&H collection,"1,295",https://m.momoshop.com.tw/goods.momo?i_code=11930786&mdiv=searchEngine&oid=23_13&kw=%E5%A5%B3%E9%9E%8B,黑色棕色/咖啡色
【NEW BALANCE】NB 2002R運動鞋/復古鞋_男鞋/女鞋_元祖灰/黑灰色/棕色_M2002RDL-D/2002R/9060系列,NEW BALANCE,"4,880",https://m.momoshop.com.tw/goods.momo?i_code=11203352&mdiv=searchEngine&oid=5_1&kw=%E5%A5%B3%E9%9E%8B,灰色
【NIKE 耐吉】休閒鞋 Wmns Air Max Dawn 女鞋 男鞋 白 黑 氣墊 麂皮 復古 運動鞋(DH5131-101),NIKE ,"3,380",https://m.momoshop.com.tw/goods.momo?i_code=11607060&mdiv=searchEngine&oid=8_19&kw=%E5%A5%B3%E9%9E%8B,黑色白色
【J&H collection】新款牛皮時尚厚底麵包鞋休閒鞋(現+預  黑 / 藍 / 灰 / 米),J&H collection,"1,084",https://m.momoshop.com.tw/goods.momo?i_code=9931475&mdiv=searchEngine&oid=12_17&kw=%E5%A5%B3%E9%9E%8B,黑色灰色藍色米色
【NIKE 耐吉】 休閒鞋 運動鞋 NIKE DUNK LOW 男鞋 女鞋 多款任選(FD8683100&),NIKE ,"3,600",https://m.momoshop.com.tw/goods.momo?i_code=12039259&mdiv=searchEngine&oid=3_14&kw=%E5%A5%B3%E9%9E%8B,多色
【NIKE 耐吉】休閒鞋 運動鞋 W NIKE ZOOM VOMERO 5 女鞋 多色(FQ6868181),NIKE ,"3,083",https://m.momoshop.com.tw/goods.momo?i_code=11585052&mdiv=searchEngine&oid=11_19&kw=%E5%A5%B3%E9%9E%8B,多色
【Keds】KICKSTART 時尚皮革綁帶休閒小白鞋(白/藍),Keds,"2,117",https://m.momoshop.com.tw/goods.momo?i_code=11354756&mdiv=searchEngine&oid=26_9&kw=%E5%A5%B3%E9%9E%8B,白色
【K.W.】現貨保暖防滑防潑水登山雪靴健走鞋(健走鞋 休閒鞋 共4款),K.W.,899,https://m.momoshop.com.tw/goods.momo?i_code=11605173&mdiv=searchEngine&oid=2_1&kw=%E5%A5%B3%E9%9E%8B,黑色紅色藍色棕色/咖啡色
【Keds】品牌經典帆布休閒小白鞋系列-多款選(MOMO特談價),Keds,"1,390",https://m.momoshop.com.tw/goods.momo?i_code=11214726&mdiv=searchEngine&oid=22_8&kw=%E5%A5%B3%E9%9E%8B,白色藍色米色卡其色
【PUMA】Slipstream 運動鞋 休閒鞋 男鞋 女鞋 板鞋 小白鞋 熊貓 黑白米(39229002 39233202 39310301),PUMA,"2,980",https://m.momoshop.com.tw/goods.momo?i_code=11988370&mdiv=searchEngine&oid=29_1&kw=%E5%A5%B3%E9%9E%8B,黑色白色灰色米色
【CONVERSE品牌旗艦店】CHUCK 70 PLUS 1970 高筒 休閒鞋 厚底鞋 男鞋 女鞋 4款任選(A00915C A00916C),CONVERSE,"2,310",https://m.momoshop.com.tw/goods.momo?i_code=10420988&mdiv=searchEngine&oid=17_20&kw=%E5%A5%B3%E9%9E%8B,黑色白色灰色紫色
【NEW BALANCE】NB 復古休閒鞋/運動鞋_男鞋/女鞋_327/CT302系列,NEW BALANCE,"2,980",https://m.momoshop.com.tw/goods.momo?i_code=12174391&mdiv=searchEngine&oid=3_11&kw=%E5%A5%B3%E9%9E%8B,白色紅色藍色粉紅色
【NEW BALANCE】NB 復古休閒鞋/運動鞋_男鞋/女鞋_UXC72SG-D_UXC72SO-D,NEW BALANCE,"2,784",https://m.momoshop.com.tw/goods.momo?i_code=12079819&mdiv=searchEngine&oid=27_13&kw=%E5%A5%B3%E9%9E%8B,黑色米色
【SKECHERS】女鞋 運動系列 UNO - 2023年GO兔新春限定款(800015WPK),SKECHERS,"3,290",https://m.momoshop.com.tw/goods.momo?i_code=10960712&mdiv=searchEngine&oid=29_3&kw=%E5%A5%B3%E9%9E%8B,白色紅色粉紅色
【NEW BALANCE】NB Goretex運動鞋/復古鞋_男鞋/女鞋_海軍藍_M2002RXK-D,NEW BALANCE,"4,646",https://m.momoshop.com.tw/goods.momo?i_code=12160021&mdiv=searchEngine&oid=10_18&kw=%E5%A5%B3%E9%9E%8B,藍色
【NIKE 耐吉】籃球鞋 運動鞋 AIR JORDAN 1 MID SE GS 男鞋 女鞋 大童 藍(FQ9117400),NIKE ,"2,466",https://m.momoshop.com.tw/goods.momo?i_code=11946057&mdiv=searchEngine&oid=7_3&kw=%E5%A5%B3%E9%9E%8B,藍色
【NEW BALANCE】NB 運動鞋/復古鞋_女鞋_BBW550BB-B_BBW550AA-B_BBW550AB-B(多款可選),NEW BALANCE,"2,944",https://m.momoshop.com.tw/goods.momo?i_code=10935998&mdiv=searchEngine&oid=18_13&kw=%E5%A5%B3%E9%9E%8B,灰色米色粉紅色
【PUMA】休閒鞋 Mayze Crashed Wns 女鞋 白 灰 黑 厚底 增高 小白鞋(392495-02),PUMA,"3,280",https://m.momoshop.com.tw/goods.momo?i_code=11750446&mdiv=searchEngine&oid=9_8&kw=%E5%A5%B3%E9%9E%8B,黑色白色灰色
【NIKE 耐吉】休閒鞋 Wmns Air Force 1 07 LX 米白 金屬勾勾 女鞋 炫雅 AF1(FV3654-111),NIKE ,"3,580",https://m.momoshop.com.tw/goods.momo?i_code=11919914&mdiv=searchEngine&oid=8_10&kw=%E5%A5%B3%E9%9E%8B,米色
【NIKE 耐吉】 休閒鞋 運動鞋 AIR FORCE 女鞋 大童鞋 多款任選(BQ5485700&DJ9993001),NIKE ,"3,000",https://m.momoshop.com.tw/goods.momo?i_code=11066673&mdiv=searchEngine&oid=6_18&kw=%E5%A5%B3%E9%9E%8B,多色
【NIKE 耐吉】Air Max Dawn 女鞋 卡其色 氣墊 運動 休閒鞋 DQ5074-182,NIKE ,"1,580",https://m.momoshop.com.tw/goods.momo?i_code=9973066&mdiv=searchEngine&oid=8_14&kw=%E5%A5%B3%E9%9E%8B,黃色米色卡其色多色
【NIKE 耐吉】休閒鞋 Wmns Court Legacy Lift 女鞋 男鞋 米色 奶茶 奶油底 厚底 增高 皮革(DM7590-200),NIKE ,"1,780",https://m.momoshop.com.tw/goods.momo?i_code=10612257&mdiv=searchEngine&oid=1_10&kw=%E5%A5%B3%E9%9E%8B,卡其色
【bebehome】厚底撞色運動休閒兩用洞洞鞋(外穿涼拖鞋/休閒時尚沙灘鞋/情侶鞋),bebehome,499,https://m.momoshop.com.tw/goods.momo?i_code=11661794&mdiv=searchEngine&oid=25_14&kw=%E5%A5%B3%E9%9E%8B,黑色白色灰色橘色綠色
【VICTOR 勝利體育】VICTOR X 蠟筆小新 聯名羽球鞋(A39CS AF/A 亮白明亮藍/亮白),VICTOR ,"3,600",https://m.momoshop.com.tw/goods.momo?i_code=12215297&mdiv=searchEngine&oid=8_7&kw=%E5%A5%B3%E9%9E%8B,白色藍色
【Crocs】中性鞋 Mega Crush經典光輪克駱格(207988-001),Crocs,"3,280",https://m.momoshop.com.tw/goods.momo?i_code=11340568&mdiv=searchEngine&oid=19_2&kw=%E5%A5%B3%E9%9E%8B,黑色白色米色
【NIKE 耐吉】 運動鞋 慢跑鞋 休閒鞋 復古鞋 女 - A-DM0113100 B-DH9523600 C-CW6536001 精選九款,NIKE ,"2,700",https://m.momoshop.com.tw/goods.momo?i_code=11909612&mdiv=searchEngine&oid=16_3&kw=%E5%A5%B3%E9%9E%8B,多色
【NIKE 耐吉】休閒鞋 Air Max 97 運動 女鞋 經典款 反光 氣墊 避震 球鞋 穿搭 全白(DH8016-100),NIKE ,"3,080",https://m.momoshop.com.tw/goods.momo?i_code=9757328&mdiv=searchEngine&oid=11_8&kw=%E5%A5%B3%E9%9E%8B,白色
【SKECHERS】女 休閒系列 ARCH FIT VISTA(104371OLV),SKECHERS,"2,790",https://m.momoshop.com.tw/goods.momo?i_code=11066981&mdiv=searchEngine&oid=22_12&kw=%E5%A5%B3%E9%9E%8B,綠色
【NIKE 耐吉】休閒鞋 運動鞋 W NIKE TC 7900 女鞋 黑白(FJ7738101),NIKE ,"2,850",https://m.momoshop.com.tw/goods.momo?i_code=11492898&mdiv=searchEngine&oid=26_4&kw=%E5%A5%B3%E9%9E%8B,黑色白色
【DIANA】MOMO獨家超級品牌週冬季靴均一價1680(限時活動．售完不補),DIANA,"1,680",https://m.momoshop.com.tw/goods.momo?i_code=12262979&mdiv=searchEngine&oid=14_19&kw=%E5%A5%B3%E9%9E%8B,白色
【DIANA】★mo特談★專櫃跟鞋/樂福/休閒鞋特選出清組(限時限量．售完不補),DIANA,"1,100",https://m.momoshop.com.tw/goods.momo?i_code=12023165&mdiv=searchEngine&oid=10_6&kw=%E5%A5%B3%E9%9E%8B,白色
【HERLS】秋冬必備經典釦環/切爾西/綁帶短靴大集合(多款任選),HERLS,"1,656",https://m.momoshop.com.tw/goods.momo?i_code=9121605&mdiv=searchEngine&oid=23_1&kw=%E5%A5%B3%E9%9E%8B,黑色棕色/咖啡色
【NIKE 耐吉】休閒鞋 女鞋 皮革 厚底 W COURT VISION ALTA LTR 黑(DM0113002),NIKE ,"1,150",https://m.momoshop.com.tw/goods.momo?i_code=10957001&mdiv=searchEngine&oid=24_4&kw=%E5%A5%B3%E9%9E%8B,黑色
【CONVERSE】CTAS LIFT HI 高筒 休閒鞋 厚底鞋 皮革 女鞋 黑色(561675C),CONVERSE,"2,258",https://m.momoshop.com.tw/goods.momo?i_code=11929912&mdiv=searchEngine&oid=20_18&kw=%E5%A5%B3%E9%9E%8B,黑色
【NIKE 耐吉】Nike Air Force 1 Metallic Purple 女鞋 白紫 米白 珠光紫 星黛露紫 休閒鞋 DV7470-100,NIKE ,"3,600",https://m.momoshop.com.tw/goods.momo?i_code=11892296&mdiv=searchEngine&oid=4_13&kw=%E5%A5%B3%E9%9E%8B,白色紫色米色
【moz】瑞典 駝鹿 男女 防水 厚底 洞洞鞋 拖鞋 雨鞋 水鞋-奶茶色(全球首創 雙色洞洞餅乾水鞋),moz,"2,680",https://m.momoshop.com.tw/goods.momo?i_code=11654203&mdiv=searchEngine&oid=26_15&kw=%E5%A5%B3%E9%9E%8B,棕色/咖啡色卡其色
【J&H collection】厚實皮面軟底鬆糕搖搖鞋(現+預  藍色 / 白色 / 黃色 / 黑色),J&H collection,"1,036",https://m.momoshop.com.tw/goods.momo?i_code=9476804&mdiv=searchEngine&oid=16_7&kw=%E5%A5%B3%E9%9E%8B,黑色白色黃色藍色
【NEW BALANCE】NB 復古鞋/運動鞋_M1906RHD-D_中性_摩卡色,NEW BALANCE,"4,212",https://m.momoshop.com.tw/goods.momo?i_code=12079826&mdiv=searchEngine&oid=19_10&kw=%E5%A5%B3%E9%9E%8B,棕色/咖啡色
【NEW BALANCE】NB 運動鞋/復古鞋_女鞋_胭脂粉_WS327OR-B,NEW BALANCE,"2,980",https://m.momoshop.com.tw/goods.momo?i_code=11926648&mdiv=searchEngine&oid=4_2&kw=%E5%A5%B3%E9%9E%8B,粉紅色
【J&H collection】運動風絨面耐磨防滑厚底便鞋(現+預  藍色 / 紅色 / 杏色 / 黑色 / 灰色),J&H collection,997,https://m.momoshop.com.tw/goods.momo?i_code=9035635&mdiv=searchEngine&oid=19_18&kw=%E5%A5%B3%E9%9E%8B,黑色灰色紅色藍色卡其色
【Keds】品牌經典皮革休閒小白鞋系列-多款選(MOMO特談價),Keds,"2,020",https://m.momoshop.com.tw/goods.momo?i_code=11419137&mdiv=searchEngine&oid=11_2&kw=%E5%A5%B3%E9%9E%8B,黑色白色
【JP Queen New York】韓系潮流復古奶茶拼接厚底運動風休閒老爹鞋(米棕色),JP Queen New York,"2,480",https://m.momoshop.com.tw/goods.momo?i_code=10467727&mdiv=searchEngine&oid=21_13&kw=%E5%A5%B3%E9%9E%8B,米色棕色/咖啡色
【NEW BALANCE】NB Goretex運動鞋/復古鞋_男鞋/女鞋_黑色_MT580RGR-D,NEW BALANCE,"4,224",https://m.momoshop.com.tw/goods.momo?i_code=12160022&mdiv=searchEngine&oid=23_11&kw=%E5%A5%B3%E9%9E%8B,黑色
【SKECHERS】女款 輕量綁帶休閒鞋(多款),SKECHERS,"3,290",https://m.momoshop.com.tw/goods.momo?i_code=11926992&mdiv=searchEngine&oid=12_4&kw=%E5%A5%B3%E9%9E%8B,黑色白色灰色藍色米色粉紅色多色
【NIKE 耐吉】Wmns Air Force 1 07 LX 女鞋 休閒鞋 麂皮 龍年CNY 鱗片(FZ5066-111 ∞),NIKE ,"3,500",https://m.momoshop.com.tw/goods.momo?i_code=12300343&mdiv=searchEngine&oid=17_12&kw=%E5%A5%B3%E9%9E%8B,多色
【PUMA官方旗艦】Enzo 2 Wns 慢跑運動鞋 女性 19325616,PUMA,"2,680",https://m.momoshop.com.tw/goods.momo?i_code=9584632&mdiv=searchEngine&oid=25_20&kw=%E5%A5%B3%E9%9E%8B,黑色
【0101】經典俐落 皮帶/拉鍊/素面/切爾西/長靴(多款任選),101,"3,180",https://m.momoshop.com.tw/goods.momo?i_code=12126634&mdiv=searchEngine&oid=17_3&kw=%E5%A5%B3%E9%9E%8B,黑色米色棕色/咖啡色卡其色
【SKECHERS】女款 輕量避震緩衝 入門慢跑鞋(多款),SKECHERS,"3,690",https://m.momoshop.com.tw/goods.momo?i_code=12237086&mdiv=searchEngine&oid=17_9&kw=%E5%A5%B3%E9%9E%8B,黑色白色灰色藍色米色粉紅色多色
【T2R】正韓空運-速達-增高鞋真皮帆布厚底馬汀靴 帆布鞋 老爹鞋(綁帶/素面/拼接/塗鴉/內增高),T2R,"2,980",https://m.momoshop.com.tw/goods.momo?i_code=10959507&mdiv=searchEngine&oid=24_13&kw=%E5%A5%B3%E9%9E%8B,黑色白色藍色紫色米色卡其色
【NEW BALANCE】NB 復古鞋/運動鞋_中性_淺灰色_U574SGB-D,NEW BALANCE,"2,980",https://m.momoshop.com.tw/goods.momo?i_code=12079820&mdiv=searchEngine&oid=10_3&kw=%E5%A5%B3%E9%9E%8B,灰色
【PUMA官方旗艦】Trinity Lite 休閒運動鞋 男女共同 38929207,PUMA,"2,280",https://m.momoshop.com.tw/goods.momo?i_code=11262904&mdiv=searchEngine&oid=16_5&kw=%E5%A5%B3%E9%9E%8B,白色
【SKECHERS】女戶外越野系列 SWITCH BACK(180162NTGY),SKECHERS,"2,690",https://m.momoshop.com.tw/goods.momo?i_code=11933915&mdiv=searchEngine&oid=16_9&kw=%E5%A5%B3%E9%9E%8B,灰色米色
【SKECHERS】女 運動系列 瞬穿舒適科技 ARCH FIT(149568OFPK),SKECHERS,"3,290",https://m.momoshop.com.tw/goods.momo?i_code=11072791&mdiv=searchEngine&oid=8_18&kw=%E5%A5%B3%E9%9E%8B,粉紅色
【NIKE 耐吉】休閒鞋 Dunk Low 女鞋 經典款 皮革 灰 白 Photon Dust(DD1503-103),NIKE ,"4,480",https://m.momoshop.com.tw/goods.momo?i_code=9157547&mdiv=searchEngine&oid=27_17&kw=%E5%A5%B3%E9%9E%8B,白色灰色
【NEW BALANCE】NB 運動鞋/復古鞋_男鞋/女鞋_銀河灰_U327LT-D,NEW BALANCE,"2,980",https://m.momoshop.com.tw/goods.momo?i_code=11546439&mdiv=searchEngine&oid=3_4&kw=%E5%A5%B3%E9%9E%8B,灰色
【Alberta】老爹鞋 厚底鞋 運動鞋 女鞋 ins 風潮鞋運動休閒鞋 小白鞋 復古拼接,Alberta,699,https://m.momoshop.com.tw/goods.momo?i_code=11902432&mdiv=searchEngine&oid=14_10&kw=%E5%A5%B3%E9%9E%8B,黑色白色棕色/咖啡色
【FAIR LADY】軟實力 側V拼接免綁帶厚底休閒鞋(洋紅、502388),FAIR LADY,"4,980",https://m.momoshop.com.tw/goods.momo?i_code=8856906&mdiv=searchEngine&oid=11_6&kw=%E5%A5%B3%E9%9E%8B,白色紅色
【NIKE 耐吉】休閒鞋 熊貓 Dunk Low GS 大童鞋 經典 皮革 白 黑 女鞋(CW1590-100),NIKE ,"3,480",https://m.momoshop.com.tw/goods.momo?i_code=8423997&mdiv=searchEngine&oid=2_20&kw=%E5%A5%B3%E9%9E%8B,黑色白色
【NEW BALANCE】NB 復古鞋/運動鞋_男鞋/女鞋_榛果杏_U327LZ-D,NEW BALANCE,"2,533",https://m.momoshop.com.tw/goods.momo?i_code=11546442&mdiv=searchEngine&oid=6_9&kw=%E5%A5%B3%E9%9E%8B,米色
【SKECHERS】男女鞋 寬楦休閒運動鞋(多款),SKECHERS,"2,690",https://m.momoshop.com.tw/goods.momo?i_code=11953991&mdiv=searchEngine&oid=18_10&kw=%E5%A5%B3%E9%9E%8B,黑色白色灰色藍色米色粉紅色多色
【LA NEW】男女同款雙帶真皮拖鞋 /真皮莫卡辛豆豆鞋(黑咖白粉灰/多款任選),LA NEW,"2,880",https://m.momoshop.com.tw/goods.momo?i_code=11835377&mdiv=searchEngine&oid=21_5&kw=%E5%A5%B3%E9%9E%8B,黑色白色灰色米色棕色/咖啡色粉紅色多色
【M.G.】男女款-防水保暖防滑厚毛絨內刷毛雪地靴低筒雪靴(36-44碼),M.G.,452,https://m.momoshop.com.tw/goods.momo?i_code=8210258&mdiv=searchEngine&oid=7_20&kw=%E5%A5%B3%E9%9E%8B,黑色紅色藍色
【NIKE 耐吉】休閒鞋 運動鞋 W NIKE ZOOM VOMERO 5 女鞋 多色(FQ6868181),NIKE ,"3,083",https://m.momoshop.com.tw/goods.momo?i_code=11585052&mdiv=searchEngine&oid=13_19&kw=%E5%A5%B3%E9%9E%8B,多色
【Keds】CENTER III 升級版舒適皮革百搭休閒小白鞋-白(9231W113485),Keds,"2,117",https://m.momoshop.com.tw/goods.momo?i_code=11046424&mdiv=searchEngine&oid=15_3&kw=%E5%A5%B3%E9%9E%8B,白色
【MLB】老爹鞋 Chunky Runner系列 紐約洋基隊(3ASHCRR3N-50BKS),MLB,"4,690",https://m.momoshop.com.tw/goods.momo?i_code=12078810&mdiv=searchEngine&oid=11_10&kw=%E5%A5%B3%E9%9E%8B,黑色
【NEW BALANCE】NB 運動鞋/復古鞋_男鞋/女鞋_米棕色_M2002RSI-D,NEW BALANCE,"3,904",https://m.momoshop.com.tw/goods.momo?i_code=11666865&mdiv=searchEngine&oid=9_9&kw=%E5%A5%B3%E9%9E%8B,米色棕色/咖啡色
【NIKE 耐吉】GAMMA FORCE 奶油白 灰 復古 女 穿搭 休閒鞋(DX9176-107 ∞),NIKE ,"1,972",https://m.momoshop.com.tw/goods.momo?i_code=12213834&mdiv=searchEngine&oid=16_8&kw=%E5%A5%B3%E9%9E%8B,白色
【Robinlo】超回彈可折復古感線條牛皮厚底彈力中大尺碼小白鞋休閒鞋(多款任選),Robinlo,"2,580",https://m.momoshop.com.tw/goods.momo?i_code=8454841&mdiv=searchEngine&oid=19_20&kw=%E5%A5%B3%E9%9E%8B,黑色白色米色
【NIKE 耐吉】W ZOOM VOMERO 5 灰色 女鞋 男女段(FB8825-001),NIKE ,"3,880",https://m.momoshop.com.tw/goods.momo?i_code=12261057&mdiv=searchEngine&oid=12_8&kw=%E5%A5%B3%E9%9E%8B,灰色
【LOTTO】女 美型健走鞋/ 輕量跑鞋/穆勒/輕盈健走鞋(多款任選),LOTTO,"1,290",https://m.momoshop.com.tw/goods.momo?i_code=11326788&mdiv=searchEngine&oid=29_10&kw=%E5%A5%B3%E9%9E%8B,多色
【Robinlo】軟Q舒適真皮清新天使小白鞋休閒鞋(多款任選),Robinlo,"2,580",https://m.momoshop.com.tw/goods.momo?i_code=9915047&mdiv=searchEngine&oid=20_8&kw=%E5%A5%B3%E9%9E%8B,黑色白色灰色橘色卡其色
【NIKE 耐吉】休閒鞋 Air Force 1 GS 大童鞋 女鞋 白For AF1 小白鞋(DH2920-111),NIKE,"2,580",https://m.momoshop.com.tw/goods.momo?i_code=10398806&mdiv=searchEngine&oid=3_5&kw=%E5%A5%B3%E9%9E%8B,白色藍色
【NIKE 耐吉】休閒鞋 女鞋 運動鞋 W TECH HERA 白紅 FQ8107-133,NIKE,"2,327",https://m.momoshop.com.tw/goods.momo?i_code=11903746&mdiv=searchEngine&oid=12_20&kw=%E5%A5%B3%E9%9E%8B,多色
【bebehome】輕量休閒氣墊拖鞋(厚底拖鞋 氣墊拖鞋 輕量休閒拖鞋 休閒拖鞋 輕量),bebehome,268,https://m.momoshop.com.tw/goods.momo?i_code=11108062&mdiv=searchEngine&oid=27_1&kw=%E5%A5%B3%E9%9E%8B,多色
【NIKE 耐吉】運動鞋 女鞋 男鞋 休閒鞋 增高 老爹鞋 TC 7900 奶油白 DD9682-100(3W5463),NIKE ,"2,999",https://m.momoshop.com.tw/goods.momo?i_code=9952482&mdiv=searchEngine&oid=13_14&kw=%E5%A5%B3%E9%9E%8B,白色米色多色
【NEW BALANCE】NB 運動鞋/復古鞋_男鞋/女鞋_574/878系列,NEW BALANCE,"2,880",https://m.momoshop.com.tw/goods.momo?i_code=11792594&mdiv=searchEngine&oid=1_4&kw=%E5%A5%B3%E9%9E%8B,藍色多色
【Alberta】7cm內增高休閒鞋 百搭輕量化舒適透氣 飛織楔型厚底綁帶圓頭包鞋,Alberta,630,https://m.momoshop.com.tw/goods.momo?i_code=10681550&mdiv=searchEngine&oid=10_9&kw=%E5%A5%B3%E9%9E%8B,多色
【NIKE 耐吉】Court Vision Low NN 女鞋 白色 小白鞋 經典 穿搭 平價 休閒鞋 DH3158-100,NIKE,"1,280",https://m.momoshop.com.tw/goods.momo?i_code=11622930&mdiv=searchEngine&oid=5_15&kw=%E5%A5%B3%E9%9E%8B,多色
【SKECHERS】女鞋 運動系列 FLEX APPEAL 4.0 寬楦款(149570WNVMT),SKECHERS,"2,590",https://m.momoshop.com.tw/goods.momo?i_code=10501164&mdiv=searchEngine&oid=28_12&kw=%E5%A5%B3%E9%9E%8B,藍色多色
【asics 亞瑟士】JOLT 4 男女中性 一般楦 寬楦 超寬楦 跑鞋 運動鞋(多款任選),asics,"1,980",https://m.momoshop.com.tw/goods.momo?i_code=12275138&mdiv=searchEngine&oid=24_5&kw=%E5%A5%B3%E9%9E%8B,黑色灰色綠色藍色紫色粉紅色多色
【NIKE 耐吉】Air Force 1 Low 女鞋 大童鞋 白粉色 經典 低筒 運動 休閒鞋 CT3839-107,NIKE ,"2,140",https://m.momoshop.com.tw/goods.momo?i_code=10436629&mdiv=searchEngine&oid=4_19&kw=%E5%A5%B3%E9%9E%8B,白色粉紅色
【NIKE 耐吉】休閒 籃球鞋 運動鞋 AIR JORDAN LEGACY 312 LOW GS 男鞋 女鞋 大童 白黑(CD9054101),NIKE ,"2,329",https://m.momoshop.com.tw/goods.momo?i_code=12216127&mdiv=searchEngine&oid=15_10&kw=%E5%A5%B3%E9%9E%8B,黑色白色
【NIKE 耐吉】Dunk 熊貓 DD1391-100 / 灰白 DD1503-103 & Zoom Vomero 5 BV1358-001 / BV1358-003,NIKE ,"4,980",https://m.momoshop.com.tw/goods.momo?i_code=11912745&mdiv=searchEngine&oid=8_12&kw=%E5%A5%B3%E9%9E%8B,黑色白色
【J&H collection】運動風拼接厚底休閒鞋(現+預  杏色 / 灰色),J&H collection,"1,128",https://m.momoshop.com.tw/goods.momo?i_code=11086050&mdiv=searchEngine&oid=8_1&kw=%E5%A5%B3%E9%9E%8B,灰色卡其色
【NIKE 耐吉】W Air Force 1 Fontanka 女鞋 奶茶色 經典 運動 休閒鞋 DA7024-200,NIKE ,"2,080",https://m.momoshop.com.tw/goods.momo?i_code=10865509&mdiv=searchEngine&oid=25_13&kw=%E5%A5%B3%E9%9E%8B,黃色
【NIKE 耐吉】Air Jordan 1 Low Wolf Grey White 喬丹 AJ1 果凍底 女鞋 小Dior 低筒 白 灰(DC0774-105),NIKE ,"4,630",https://m.momoshop.com.tw/goods.momo?i_code=11622935&mdiv=searchEngine&oid=14_3&kw=%E5%A5%B3%E9%9E%8B,白色灰色
【PUMA官方旗艦】MOMO獨家 女鞋 男鞋 休閒鞋 運動鞋多款任選,PUMA,"2,680",https://m.momoshop.com.tw/goods.momo?i_code=12171139&mdiv=searchEngine&oid=27_20&kw=%E5%A5%B3%E9%9E%8B,黑色白色黃色紫色膚色粉紅色多色透明
【NIKE 耐吉】休閒鞋 Travis Scott x Air Jordan 1 Low OG W Olive 聯名款 橄欖綠 男女段 DZ4137-106,NIKE ,"29,800",https://m.momoshop.com.tw/goods.momo?i_code=11300407&mdiv=searchEngine&oid=22_5&kw=%E5%A5%B3%E9%9E%8B,黑色米色棕色/咖啡色
【NIKE 耐吉】W NIKE TECH HERA 女鞋 休閒鞋 運動鞋 灰綠(DR9761001),NIKE ,"1,860",https://m.momoshop.com.tw/goods.momo?i_code=11903748&mdiv=searchEngine&oid=18_20&kw=%E5%A5%B3%E9%9E%8B,灰色多色
【NEW BALANCE】NB 運動鞋/復古鞋_男鞋/女鞋_UXC72SD-D_UXC72EC-D,NEW BALANCE,"2,749",https://m.momoshop.com.tw/goods.momo?i_code=10928411&mdiv=searchEngine&oid=18_1&kw=%E5%A5%B3%E9%9E%8B,黑色白色
【ecco】GRUUV W 樂步輕便防水皮革休閒鞋 女鞋(兩款共四色),ecco,"7,680",https://m.momoshop.com.tw/goods.momo?i_code=11810784&mdiv=searchEngine&oid=17_13&kw=%E5%A5%B3%E9%9E%8B,多色
【PROJEXT】防水抗污輕量皮革小白鞋 Scooter One(男女同款),PROJEXT,"3,290",https://m.momoshop.com.tw/goods.momo?i_code=11609958&mdiv=searchEngine&oid=9_7&kw=%E5%A5%B3%E9%9E%8B,白色
【PUMA】休閒鞋 Tori 女鞋 白 粉紅 微厚底 增高 皮革 百搭 小白鞋(383026-16),PUMA,"2,280",https://m.momoshop.com.tw/goods.momo?i_code=11848479&mdiv=searchEngine&oid=12_16&kw=%E5%A5%B3%E9%9E%8B,白色粉紅色
【NIKE 耐吉】休閒鞋 運動鞋 COURT VISION系列 女鞋 多款任選(CD5434100&),NIKE ,"2,200",https://m.momoshop.com.tw/goods.momo?i_code=11983929&mdiv=searchEngine&oid=1_18&kw=%E5%A5%B3%E9%9E%8B,多色
【PUMA】運動鞋 休閒鞋 慢跑鞋 跑鞋 女鞋 小白鞋 老爹鞋 板鞋 厚底 增高(39229007 39211001),PUMA,"2,580",https://m.momoshop.com.tw/goods.momo?i_code=11467434&mdiv=searchEngine&oid=10_13&kw=%E5%A5%B3%E9%9E%8B,黑色白色綠色卡其色粉紅色多色
【NIKE 耐吉】休閒鞋 Wmns Air Max Bliss 女鞋 白 銀 厚底 氣墊 氣墊 經典鞋(DH5128-101),NIKE ,"2,580",https://m.momoshop.com.tw/goods.momo?i_code=10432622&mdiv=searchEngine&oid=24_16&kw=%E5%A5%B3%E9%9E%8B,白色
【HELLO KITTY】凱蒂貓透氣輕量氣墊綁帶休閒鞋(紫色、白色、黑色),HELLO KITTY,"1,043",https://m.momoshop.com.tw/goods.momo?i_code=11536233&mdiv=searchEngine&oid=27_4&kw=%E5%A5%B3%E9%9E%8B,黑色白色紫色米色粉紅色
【NEW BALANCE】NB 運動鞋/休閒鞋_男鞋/女鞋_UXC72FN-D,NEW BALANCE,"2,958",https://m.momoshop.com.tw/goods.momo?i_code=11593616&mdiv=searchEngine&oid=2_4&kw=%E5%A5%B3%E9%9E%8B,藍色米色
【NIKE 耐吉】休閒鞋 運動鞋 NIKE AIR MAX SC GS 男鞋 女鞋 大童 白(CZ5358102),NIKE ,"1,781",https://m.momoshop.com.tw/goods.momo?i_code=10851716&mdiv=searchEngine&oid=25_2&kw=%E5%A5%B3%E9%9E%8B,白色
【NIKE 耐吉】休閒鞋 Wmns V2K Run 女鞋 男鞋 米白 銀 Y2K 復古 老爹鞋(FD0736-100),NIKE ,"3,600",https://m.momoshop.com.tw/goods.momo?i_code=11578611&mdiv=searchEngine&oid=4_10&kw=%E5%A5%B3%E9%9E%8B,白色米色銀色
【CF鑽飾】莫桑鑽《女王》(1克拉 鑽石 項鍊 項鏈 求婚 情人節 情人節禮物 生日禮物 禮盒 禮物 送禮),CF Diamond,"3,600",https://m.momoshop.com.tw/goods.momo?i_code=10956622&mdiv=searchEngine&oid=1_11&kw=%E5%A5%B3%E9%9E%8B,
【NIKE 耐吉】休閒鞋 運動鞋 喬丹 低筒 WMNS AIR JORDAN 1 LOW 男鞋 女鞋 多款任選(DC0774080&),NIKE ,"3,800",https://m.momoshop.com.tw/goods.momo?i_code=12276022&mdiv=searchEngine&oid=10_16&kw=%E5%A5%B3%E9%9E%8B,多色
【FAIR LADY】軟實力 質感雙帶魔鬼氈厚底休閒鞋(淺灰、552729),FAIR LADY,"4,980",https://m.momoshop.com.tw/goods.momo?i_code=11357693&mdiv=searchEngine&oid=15_9&kw=%E5%A5%B3%E9%9E%8B,灰色
【NIKE 耐吉】休閒鞋 運動鞋 NIKE AIR MAX 97 QS GS 中大童 金屬銀(918890001),NIKE ,"3,357",https://m.momoshop.com.tw/goods.momo?i_code=11718655&mdiv=searchEngine&oid=17_5&kw=%E5%A5%B3%E9%9E%8B,銀色
【NEW BALANCE】NB 運動鞋/復古鞋_男鞋/女鞋_淺灰色_MS327CGW-D,NEW BALANCE,"2,980",https://m.momoshop.com.tw/goods.momo?i_code=10602663&mdiv=searchEngine&oid=5_18&kw=%E5%A5%B3%E9%9E%8B,灰色棕色/咖啡色
【NIKE 耐吉】休閒鞋 運動鞋 TC 7900/MAX BLISS/FORCE系列 女鞋 多款任選(DD9682100&),NIKE ,"4,300",https://m.momoshop.com.tw/goods.momo?i_code=11983841&mdiv=searchEngine&oid=1_19&kw=%E5%A5%B3%E9%9E%8B,多色
【NIKE 耐吉】休閒鞋 運動鞋 NIKE DUNK LOW GS 男鞋 女鞋 大童 黑粉(FB9109401),NIKE ,"1,850",https://m.momoshop.com.tw/goods.momo?i_code=12196248&mdiv=searchEngine&oid=5_4&kw=%E5%A5%B3%E9%9E%8B,黑色粉紅色
【CF鑽飾】莫桑鑽《舞蝶》(1克拉 鑽石 項鍊 項鏈 求婚 情人節 情人節禮物 生日禮物 禮盒 禮物 送禮),CF Diamond,"3,600",https://m.momoshop.com.tw/goods.momo?i_code=11340741&mdiv=searchEngine&oid=1_12&kw=%E5%A5%B3%E9%9E%8B,
【NEW BALANCE】NB 運動鞋/復古鞋_中性_淺灰色_U574KBR-D_U574KGN-D_U574SOR-D_,NEW BALANCE,"2,980",https://m.momoshop.com.tw/goods.momo?i_code=11965602&mdiv=searchEngine&oid=1_16&kw=%E5%A5%B3%E9%9E%8B,灰色
【CONVERSE】CHUCK 70 GTX 1970 HI 高筒 休閒鞋 男鞋 女鞋 防水Gore-Tex(A04472C&A04471C),CONVERSE,"2,624",https://m.momoshop.com.tw/goods.momo?i_code=11789938&mdiv=searchEngine&oid=11_13&kw=%E5%A5%B3%E9%9E%8B,棕色/咖啡色多色
【NEW BALANCE】NB 運動鞋/復古鞋_男鞋/女鞋_奶茶色_U9060HSB-D/U9060MUS-D(9060/2002R/1906系列),NEW BALANCE,"3,499",https://m.momoshop.com.tw/goods.momo?i_code=11397879&mdiv=searchEngine&oid=9_6&kw=%E5%A5%B3%E9%9E%8B,卡其色
【SNAIL 蝸牛】經典輕量彈力厚底休閒懶人鞋(共9色),SNAIL ,930,https://m.momoshop.com.tw/goods.momo?i_code=9359203&mdiv=searchEngine&oid=5_7&kw=%E5%A5%B3%E9%9E%8B,黑色白色灰色藍色金色銀色卡其色
【NIKE 耐吉】運動鞋 慢跑鞋 休閒鞋 復古鞋 中/大童 女 - B-DC3729105 精選七款,NIKE ,"1,049",https://m.momoshop.com.tw/goods.momo?i_code=11927013&mdiv=searchEngine&oid=7_16&kw=%E5%A5%B3%E9%9E%8B,多色
【NIKE 耐吉】WMNS NIKE COURT LEGACY MULE 運動鞋 休閒鞋 懶人鞋 女 - DB3970002,NIKE ,"1,400",https://m.momoshop.com.tw/goods.momo?i_code=11647915&mdiv=searchEngine&oid=21_12&kw=%E5%A5%B3%E9%9E%8B,米色
【NEW BALANCE】休閒鞋 327 米白 綠 女鞋 麂皮 復古 大N NB(WS327PS-B),NEW BALANCE,"2,980",https://m.momoshop.com.tw/goods.momo?i_code=11898800&mdiv=searchEngine&oid=21_16&kw=%E5%A5%B3%E9%9E%8B,白色綠色
【MAGY】花朵刺繡點綴牛皮平底休閒鞋(藍色),MAGY,"3,680",https://m.momoshop.com.tw/goods.momo?i_code=11417607&mdiv=searchEngine&oid=18_9&kw=%E5%A5%B3%E9%9E%8B,藍色
【CONVERSE品牌旗艦店】RUN STAR HIKE 高筒 低筒 厚底鞋 休閒鞋 男鞋 女鞋 黑白(168817C 166799C),CONVERSE,"2,513",https://m.momoshop.com.tw/goods.momo?i_code=9187584&mdiv=searchEngine&oid=2_18&kw=%E5%A5%B3%E9%9E%8B,黑色白色
【NEW BALANCE】NB 327 休閒鞋 女鞋 男鞋 復古運動鞋 黑灰棕白(UXC72SD UXC72EC),NEW BALANCE,"2,980",https://m.momoshop.com.tw/goods.momo?i_code=11920590&mdiv=searchEngine&oid=24_14&kw=%E5%A5%B3%E9%9E%8B,白色
【NEW BALANCE】327 男鞋 女鞋 海鹽黑色 復古 運動 休閒鞋 MS327CWB,NEW BALANCE,"2,980",https://m.momoshop.com.tw/goods.momo?i_code=12302712&mdiv=searchEngine&oid=24_7&kw=%E5%A5%B3%E9%9E%8B,多色
【Keds】TIEBREAK 時尚皮革魔鬼氈休閒鞋(白),Keds,"1,883",https://m.momoshop.com.tw/goods.momo?i_code=11357703&mdiv=searchEngine&oid=15_7&kw=%E5%A5%B3%E9%9E%8B,白色
【NEW BALANCE】NB 運動鞋/復古鞋_男鞋/女鞋_白灰色_MS237CT-D,NEW BALANCE,"2,680",https://m.momoshop.com.tw/goods.momo?i_code=11859343&mdiv=searchEngine&oid=19_15&kw=%E5%A5%B3%E9%9E%8B,白色灰色
【NIKE 耐吉】休閒鞋 運動鞋 NIKE AIR MAX SC GS 男鞋 女鞋 大童 白粉(CZ5358115),NIKE 耐吉,"1,781",https://m.momoshop.com.tw/goods.momo?i_code=12216122&mdiv=searchEngine&oid=22_1&kw=%E5%A5%B3%E9%9E%8B,多色
【FILA】休閒鞋 Court Deluxe 男鞋 女鞋 厚底 增高 魔鬼氈 低筒 皮革 復古 小白鞋 單一價(4C302X123),FILA,"1,680",https://m.momoshop.com.tw/goods.momo?i_code=11656938&mdiv=searchEngine&oid=6_16&kw=%E5%A5%B3%E9%9E%8B,白色藍色紫色粉紅色
【SKECHERS】女款 輕量健走/休閒慢跑鞋(多款),SKECHERS,"2,890",https://m.momoshop.com.tw/goods.momo?i_code=11813256&mdiv=searchEngine&oid=13_18&kw=%E5%A5%B3%E9%9E%8B,黑色灰色藍色粉紅色多色
【LACOSTE】女鞋-Elite Active後跟裝飾運動鞋(黑色),LACOSTE,"6,280",https://m.momoshop.com.tw/goods.momo?i_code=12215001&mdiv=searchEngine&oid=8_11&kw=%E5%A5%B3%E9%9E%8B,黑色
【NIKE 耐吉】W NIKE TC 7900 PRM 增高 休閒鞋 白紫色 女鞋(FD0385121),NIKE ,"3,225",https://m.momoshop.com.tw/goods.momo?i_code=11636428&mdiv=searchEngine&oid=8_6&kw=%E5%A5%B3%E9%9E%8B,白色紫色
【CONVERSE】休閒鞋 女鞋 帆布鞋 高筒 厚底 RUN STAR LEGACY CX HI 黑 A00869C,CONVERSE,"2,112",https://m.momoshop.com.tw/goods.momo?i_code=10673096&mdiv=searchEngine&oid=25_12&kw=%E5%A5%B3%E9%9E%8B,黑色
【NIKE 耐吉】Cortez Basic SL 復古 女鞋 休閒鞋 阿甘鞋 穿搭推薦 經典 女 白 黑(904764-102),NIKE ,"2,280",https://m.momoshop.com.tw/goods.momo?i_code=5322519&mdiv=searchEngine&oid=26_19&kw=%E5%A5%B3%E9%9E%8B,黑色白色
【moz】瑞典 駝鹿 小饅頭 厚底鞋 增高 輕量 兩穿 防水 洞洞鞋 涼鞋 拖鞋(白/粉),moz,"1,680",https://m.momoshop.com.tw/goods.momo?i_code=12060166&mdiv=searchEngine&oid=16_11&kw=%E5%A5%B3%E9%9E%8B,白色粉紅色
【J&H collection】四季百搭透氣飛織厚底老爹鞋(現+預  紅色／黑色),J&H collection,"1,250",https://m.momoshop.com.tw/goods.momo?i_code=11682078&mdiv=searchEngine&oid=19_8&kw=%E5%A5%B3%E9%9E%8B,黑色紅色
【NIKE 耐吉】休閒鞋 Wmns Court Vision ALTA LTR 女鞋 米 棕 皮革 厚底 增高 豹紋(DM0113-004),NIKE ,"1,680",https://m.momoshop.com.tw/goods.momo?i_code=11183512&mdiv=searchEngine&oid=27_14&kw=%E5%A5%B3%E9%9E%8B,白色
【NIKE 耐吉】運動鞋 男女鞋 訓練鞋 慢跑鞋 共6款(DV3950001 DV3949001 FV3631081 DV3854003),NIKE ,"2,200",https://m.momoshop.com.tw/goods.momo?i_code=12236744&mdiv=searchEngine&oid=14_4&kw=%E5%A5%B3%E9%9E%8B,黑色白色多色
【NEW BALANCE】NB 運動鞋/復古鞋_男鞋/女鞋_深灰棕_U9060PH-D,NEW BALANCE,"4,050",https://m.momoshop.com.tw/goods.momo?i_code=12160024&mdiv=searchEngine&oid=20_17&kw=%E5%A5%B3%E9%9E%8B,灰色
【NIKE 耐吉】休閒鞋 Wmns AF1 Shadow 女鞋 奶茶 焦糖奶茶 Air Force 1 解構 拼接(CI0919-116),NIKE ,"3,280",https://m.momoshop.com.tw/goods.momo?i_code=10076662&mdiv=searchEngine&oid=12_10&kw=%E5%A5%B3%E9%9E%8B,米色卡其色
【Caiiy】飛織網布透氣網面網狀百搭休閒鞋運動鞋A8(黑色 粉色 紫色),Caiiy,780,https://m.momoshop.com.tw/goods.momo?i_code=10591287&mdiv=searchEngine&oid=23_20&kw=%E5%A5%B3%E9%9E%8B,黑色紫色粉紅色
【NIKE 耐吉】穆勒鞋 Wmns Court Legacy Mule 女鞋 米白 帆布 懶人鞋(DB3970-002),NIKE ,"1,480",https://m.momoshop.com.tw/goods.momo?i_code=11610746&mdiv=searchEngine&oid=24_3&kw=%E5%A5%B3%E9%9E%8B,黃色米色
【NIKE 耐吉】Nike Wmns Court Legacy NN 小白鞋 休閒鞋 DH3161-101,NIKE ,"1,234",https://m.momoshop.com.tw/goods.momo?i_code=11126924&mdiv=searchEngine&oid=20_1&kw=%E5%A5%B3%E9%9E%8B,白色
【NIKE 耐吉】休閒鞋 Go Flyease 摺疊鞋 懶人鞋 黑 白 分離式鞋底 女鞋 方便穿脫(DR5540-002),NIKE ,"2,380",https://m.momoshop.com.tw/goods.momo?i_code=10602143&mdiv=searchEngine&oid=13_11&kw=%E5%A5%B3%E9%9E%8B,黑色白色
【NEW BALANCE】NB 運動鞋/復古鞋_男鞋/女鞋_白灰色_BB550NEA-D,NEW BALANCE,"2,944",https://m.momoshop.com.tw/goods.momo?i_code=11666866&mdiv=searchEngine&oid=20_16&kw=%E5%A5%B3%E9%9E%8B,白色灰色
【NIKE 耐吉】穆勒鞋 休閒鞋 慢跑鞋 COURT LEGACY/MULE 女鞋 多款任選(DB3970001&),NIKE ,"2,200",https://m.momoshop.com.tw/goods.momo?i_code=12227282&mdiv=searchEngine&oid=6_13&kw=%E5%A5%B3%E9%9E%8B,多色
【FitFlop】SUPERLOAFER LEATHER 輕量易穿脫休閒鞋-女(?黑色),FitFlop,"4,550",https://m.momoshop.com.tw/goods.momo?i_code=10694973&mdiv=searchEngine&oid=16_17&kw=%E5%A5%B3%E9%9E%8B,黑色
【PLAYBOY】百搭舒適休閒鞋  多款(台灣製),PLAYBOY,"1,157",https://m.momoshop.com.tw/goods.momo?i_code=11396850&mdiv=searchEngine&oid=15_13&kw=%E5%A5%B3%E9%9E%8B,多色
【PUMA官方旗艦】Rider FV ”Future Vintage” 休閒運動鞋 男女共同 38767224,PUMA,"2,980",https://m.momoshop.com.tw/goods.momo?i_code=11139145&mdiv=searchEngine&oid=24_11&kw=%E5%A5%B3%E9%9E%8B,白色
【Keds】品牌經典皮革休閒小白鞋系列-多款選(MOMO特談價),Keds,"2,020",https://m.momoshop.com.tw/goods.momo?i_code=11419137&mdiv=searchEngine&oid=13_2&kw=%E5%A5%B3%E9%9E%8B,黑色白色
【NIKE 耐吉】休閒鞋 Wmns Air Max Dawn 女鞋 男鞋 白 全白 氣墊 復古鞋(DM8261-001),NIKE ,"2,580",https://m.momoshop.com.tw/goods.momo?i_code=10072569&mdiv=searchEngine&oid=13_3&kw=%E5%A5%B3%E9%9E%8B,白色
【SKECHERS】女鞋 戶外越野系列 HILLCREST 寬楦款(180020WBKPR),SKECHERS,"2,490",https://m.momoshop.com.tw/goods.momo?i_code=11329420&mdiv=searchEngine&oid=4_18&kw=%E5%A5%B3%E9%9E%8B,黑色紫色
【NIKE 耐吉】休閒鞋 運動鞋 WMNS AIR FORCE 1 07 SE 女 - FB8251100,NIKE ,"2,660",https://m.momoshop.com.tw/goods.momo?i_code=12097940&mdiv=searchEngine&oid=3_8&kw=%E5%A5%B3%E9%9E%8B,白色
【NIKE 耐吉】休閒鞋 Wmns Blazer Low 77 Jumbo 女鞋 粉紅色 卡其 復古 寬鞋帶 大勾(DQ1470-601),NIKE ,"1,680",https://m.momoshop.com.tw/goods.momo?i_code=10695783&mdiv=searchEngine&oid=16_2&kw=%E5%A5%B3%E9%9E%8B,粉紅色
【PUMA官方旗艦】Mayze Lth Wns 休閒運動鞋 女性 38198301,PUMA,"3,280",https://m.momoshop.com.tw/goods.momo?i_code=9287946&mdiv=searchEngine&oid=25_5&kw=%E5%A5%B3%E9%9E%8B,白色
【CONVERSE】CHUCK 70 1970 OX 低筒 休閒鞋 男鞋 女鞋 灰色(A05586C),CONVERSE,"2,170",https://m.momoshop.com.tw/goods.momo?i_code=11929756&mdiv=searchEngine&oid=18_18&kw=%E5%A5%B3%E9%9E%8B,灰色
【NEW BALANCE】NB 運動鞋/復古鞋_男鞋/女鞋_灰色_UXC72NG-D,NEW BALANCE,"2,784",https://m.momoshop.com.tw/goods.momo?i_code=11792607&mdiv=searchEngine&oid=25_4&kw=%E5%A5%B3%E9%9E%8B,灰色
【PUMA官方旗艦】Slipstream Always On 休閒運動鞋 男女共同 39005902,PUMA,"3,280",https://m.momoshop.com.tw/goods.momo?i_code=12043303&mdiv=searchEngine&oid=29_16&kw=%E5%A5%B3%E9%9E%8B,白色
【NEW BALANCE】NB 復古鞋/運動鞋_中性_海軍藍_U574LGBB-D,NEW BALANCE,"2,788",https://m.momoshop.com.tw/goods.momo?i_code=12288321&mdiv=searchEngine&oid=10_10&kw=%E5%A5%B3%E9%9E%8B,藍色
【NIKE 耐吉】休閒鞋 Dunk Low GS Varsity Green 大童 女鞋 綠 白 經典(CW1590-102),NIKE ,"2,680",https://m.momoshop.com.tw/goods.momo?i_code=12306885&mdiv=searchEngine&oid=12_6&kw=%E5%A5%B3%E9%9E%8B,白色綠色
【CONVERSE】CHUCK 70 GTX 1970 HI 高筒 休閒鞋 男鞋 女鞋 防水Gore-Tex(A04472C&A04471C),CONVERSE,"2,624",https://m.momoshop.com.tw/goods.momo?i_code=11789938&mdiv=searchEngine&oid=13_13&kw=%E5%A5%B3%E9%9E%8B,棕色/咖啡色多色
【Shiny 藍格子】冬季加絨保暖棉平底鞋 V8970 現+預(女裝),Shiny ,650,https://m.momoshop.com.tw/goods.momo?i_code=11958321&mdiv=searchEngine&oid=22_20&kw=%E5%A5%B3%E9%9E%8B,黑色棕色/咖啡色
【SKECHERS】女 運動系列 SOLAR FUSE(149286NVPR),SKECHERS,"2,890",https://m.momoshop.com.tw/goods.momo?i_code=8529902&mdiv=searchEngine&oid=26_17&kw=%E5%A5%B3%E9%9E%8B,藍色紫色
【NEW FORCE】動感飛織防滑氣墊健走鞋-共4色(減震/氣墊/防滑/運動/增高),NEW FORCE,599,https://m.momoshop.com.tw/goods.momo?i_code=5567837&mdiv=searchEngine&oid=11_4&kw=%E5%A5%B3%E9%9E%8B,多色
【NIKE 耐吉】Nike Dunk Low WHITE BLACK 黑白 熊貓 大童 休閒鞋 CW1590-100,NIKE ,"3,230",https://m.momoshop.com.tw/goods.momo?i_code=10312827&mdiv=searchEngine&oid=3_2&kw=%E5%A5%B3%E9%9E%8B,黑色白色
【NIKE 耐吉】Nike Air Force 1 07 SE Tie-Dye Swoosh 全白 小勾 女款 反光(FB8251-100),NIKE ,"2,550",https://m.momoshop.com.tw/goods.momo?i_code=11921035&mdiv=searchEngine&oid=18_4&kw=%E5%A5%B3%E9%9E%8B,白色
【DIANA】4.5cm 質感牛皮經典簡約款防磨枕頭厚底樂福休閒鞋-漫步雲端焦糖美人(奶茶),DIANA,"1,399",https://m.momoshop.com.tw/goods.momo?i_code=9954972&mdiv=searchEngine&oid=24_2&kw=%E5%A5%B3%E9%9E%8B,米色
【NIKE 耐吉】 休閒鞋 運動鞋 AIR JORDAN 1 MID 女鞋 大童鞋 多款任選(DQ8423014&),NIKE ,"3,600",https://m.momoshop.com.tw/goods.momo?i_code=12015519&mdiv=searchEngine&oid=19_14&kw=%E5%A5%B3%E9%9E%8B,多色
【NIKE 耐吉】Air Force 1 GS 女鞋 大童鞋 白色 全白 經典 AF1 運動鞋 休閒鞋 DH2920-111(DH2920-111),NIKE ,"2,220",https://m.momoshop.com.tw/goods.momo?i_code=9114009&mdiv=searchEngine&oid=7_9&kw=%E5%A5%B3%E9%9E%8B,白色
【Alberta】偏小跟高5.5CM ins風韓版老爹鞋女學生運動跑步鞋時尚休閒厚底增高鞋 米 黑 二色,Alberta,929,https://m.momoshop.com.tw/goods.momo?i_code=12132132&mdiv=searchEngine&oid=27_7&kw=%E5%A5%B3%E9%9E%8B,多色
【MATERIAL 瑪特麗歐】女鞋 包鞋 休閒鞋 懶人鞋 平底鞋 組品(包鞋),MATERIAL 瑪特麗歐,580,https://m.momoshop.com.tw/goods.momo?i_code=12004063&mdiv=searchEngine&oid=18_17&kw=%E5%A5%B3%E9%9E%8B,多色
【SKECHERS】女鞋 運動系列 LANDER S_降落者 S(149896NTBK),SKECHERS,"3,090",https://m.momoshop.com.tw/goods.momo?i_code=9983484&mdiv=searchEngine&oid=23_15&kw=%E5%A5%B3%E9%9E%8B,黑色米色
【NEW BALANCE】NB 復古鞋/運動鞋_男鞋/女鞋_榛果杏_U327LZ-D,NEW BALANCE,"2,533",https://m.momoshop.com.tw/goods.momo?i_code=11546442&mdiv=searchEngine&oid=5_17&kw=%E5%A5%B3%E9%9E%8B,米色
【NIKE 耐吉】Nike Air Footscape Woven Black and Smoke Grey 黑灰馬毛 FB1959-001,NIKE ,"6,220",https://m.momoshop.com.tw/goods.momo?i_code=11942654&mdiv=searchEngine&oid=21_17&kw=%E5%A5%B3%E9%9E%8B,黑色灰色
【NIKE 耐吉】NIKE Gamma Force 休閒鞋 女鞋 黑 白 熊貓 厚底 增高(DX9176-100),NIKE ,"2,290",https://m.momoshop.com.tw/goods.momo?i_code=11684570&mdiv=searchEngine&oid=26_2&kw=%E5%A5%B3%E9%9E%8B,黑色白色
【NIKE 耐吉】休閒鞋 運動鞋 COURT BOROUGH LOW 2 SE GS 女/大童  B-BQ5448100 C-BQ5448007 精選五款,NIKE ,"1,140",https://m.momoshop.com.tw/goods.momo?i_code=10866933&mdiv=searchEngine&oid=3_7&kw=%E5%A5%B3%E9%9E%8B,多色
【PUMA官方旗艦】X-Ray 2 Square 休閒運動鞋 男女共同 37310848,PUMA,"2,680",https://m.momoshop.com.tw/goods.momo?i_code=11078233&mdiv=searchEngine&oid=7_4&kw=%E5%A5%B3%E9%9E%8B,白色
【adidas 愛迪達】ADIDAS  運動鞋 SUPERSTAR 男 休閒鞋 白(EG4958),adidas ,"2,163",https://m.momoshop.com.tw/goods.momo?i_code=9589786&mdiv=searchEngine&oid=20_13&kw=%E5%A5%B3%E9%9E%8B,白色
【FILA】休閒鞋 Circuit 女鞋 厚底 增高 緩衝 復古 老爹鞋 穿搭 斐樂 2色 單一價(5J905W117),FILA,"1,580",https://m.momoshop.com.tw/goods.momo?i_code=11384302&mdiv=searchEngine&oid=27_6&kw=%E5%A5%B3%E9%9E%8B,白色粉紅色
【NEW BALANCE】NB 327/5740系列_復古運動鞋_女鞋_櫻花粉_WS327CD-B楦,NEW BALANCE,"2,980",https://m.momoshop.com.tw/goods.momo?i_code=8457143&mdiv=searchEngine&oid=1_17&kw=%E5%A5%B3%E9%9E%8B,白色米色粉紅色
【ecco】丹麥舒適真皮男女休閒鞋/正裝鞋(MOMO獨家限定),ecco,"2,988",https://m.momoshop.com.tw/goods.momo?i_code=12252846&mdiv=searchEngine&oid=11_1&kw=%E5%A5%B3%E9%9E%8B,多色
【NIKE 耐吉】Wmns Air Force 1 07 LX 女鞋 AF1 小香風 單寧 牛仔 百搭 混色編織(FJ7740-141),NIKE ,"3,380",https://m.momoshop.com.tw/goods.momo?i_code=11477401&mdiv=searchEngine&oid=4_6&kw=%E5%A5%B3%E9%9E%8B,白色藍色粉紅色
【NEW BALANCE】NB 復古鞋/運動鞋_中性_銀灰紅_M1906REA-D(水兒著用款),NEW BALANCE,"4,680",https://m.momoshop.com.tw/goods.momo?i_code=12276075&mdiv=searchEngine&oid=21_20&kw=%E5%A5%B3%E9%9E%8B,紅色銀色
【FILA】健身/慢跑/百搭運動鞋(男女任選),FILA,"2,280",https://m.momoshop.com.tw/goods.momo?i_code=10625932&mdiv=searchEngine&oid=3_18&kw=%E5%A5%B3%E9%9E%8B,多色
【Robinlo】超百搭氣質必備經典樂福鞋/紳士鞋/學生鞋(多款任選),Robinlo,"2,980",https://m.momoshop.com.tw/goods.momo?i_code=12030928&mdiv=searchEngine&oid=6_2&kw=%E5%A5%B3%E9%9E%8B,黑色白色米色棕色/咖啡色卡其色多色
【SKECHERS】女款 運動綁帶運動鞋 針織套入休閒鞋(多款),SKECHERS,"2,690",https://m.momoshop.com.tw/goods.momo?i_code=11967504&mdiv=searchEngine&oid=28_7&kw=%E5%A5%B3%E9%9E%8B,黑色白色灰色藍色米色粉紅色多色
【SKECHERS】休閒鞋 Cordova Classic-Painted Florals 女鞋 米白 紫 印花 厚底(185062-ROS),SKECHERS,,https://m.momoshop.com.tw/goods.momo?i_code=12266412&mdiv=searchEngine&oid=24_15&kw=%E5%A5%B3%E9%9E%8B,紫色米色
【NEW BALANCE】NB 運動鞋/復古鞋_男鞋/女鞋_黑色_M1906RCH-D,NEW BALANCE,"4,212",https://m.momoshop.com.tw/goods.momo?i_code=11926643&mdiv=searchEngine&oid=20_6&kw=%E5%A5%B3%E9%9E%8B,黑色
【moz】瑞典 駝鹿 厚片鬆餅拖鞋(六色),moz,"1,150",https://m.momoshop.com.tw/goods.momo?i_code=10835447&mdiv=searchEngine&oid=21_11&kw=%E5%A5%B3%E9%9E%8B,黑色灰色橘色黃色綠色粉紅色多色
【NIKE 耐吉】 休閒鞋 運動鞋 FORCE 女鞋 大童鞋 多款任選(DH3157108&),NIKE ,"3,100",https://m.momoshop.com.tw/goods.momo?i_code=11983706&mdiv=searchEngine&oid=25_10&kw=%E5%A5%B3%E9%9E%8B,多色
【NIKE】Air Jordan1 Low Wolf Grey 小迪奧 低筒 冰底DC0774-105(AJ1、DC0774-105),Jordan,"4,980",https://m.momoshop.com.tw/goods.momo?i_code=12164159&mdiv=searchEngine&oid=18_14&kw=%E5%A5%B3%E9%9E%8B,白色灰色
【NIKE 耐吉】休閒鞋 Wmns Air Force 1 07 女鞋 男鞋 骨白 灰黑 蛇紋 AF1(DD8959-002),NIKE ,"2,280",https://m.momoshop.com.tw/goods.momo?i_code=10864527&mdiv=searchEngine&oid=23_19&kw=%E5%A5%B3%E9%9E%8B,黑色白色灰色
【NIKE 耐吉】W Air Jordan 1 Low 灰白 煙灰 小DIOR 女款 DC0774-105,NIKE ,"4,180",https://m.momoshop.com.tw/goods.momo?i_code=11110736&mdiv=searchEngine&oid=2_13&kw=%E5%A5%B3%E9%9E%8B,白色灰色藍色
【SKECHERS】女鞋 運動系列 ARCH FIT(149722BBK),SKECHERS,"2,990",https://m.momoshop.com.tw/goods.momo?i_code=10474436&mdiv=searchEngine&oid=12_1&kw=%E5%A5%B3%E9%9E%8B,黑色
【CONVERSE】CTAS ALL STAR 休閒鞋 帆布鞋 男鞋 女鞋 4款任選(M5039C M7652C M9697C M9166C),CONVERSE,"1,524",https://m.momoshop.com.tw/goods.momo?i_code=8183845&mdiv=searchEngine&oid=5_10&kw=%E5%A5%B3%E9%9E%8B,黑色白色藍色米色
【NEW BALANCE】NB 復古運動鞋_男鞋/女鞋_元祖灰_M5740TA-D楦,NEW BALANCE,"3,338",https://m.momoshop.com.tw/goods.momo?i_code=8882439&mdiv=searchEngine&oid=29_18&kw=%E5%A5%B3%E9%9E%8B,灰色
【VEJA】ESPLAR LEATHER 授權販售 法國 運動休閒鞋 女鞋 平底鞋 小白鞋,VEJA,"4,680",https://m.momoshop.com.tw/goods.momo?i_code=11600648&mdiv=searchEngine&oid=3_19&kw=%E5%A5%B3%E9%9E%8B,白色多色
【NIKE 耐吉】休閒鞋 Wmns Air Force 1 07 運動 女鞋 男鞋 經典款 AF1 皮革 小白鞋 全白(DD8959-100),NIKE ,"3,380",https://m.momoshop.com.tw/goods.momo?i_code=8402816&mdiv=searchEngine&oid=4_1&kw=%E5%A5%B3%E9%9E%8B,白色
【NIKE 耐吉】Nike Court Legacy Lift 厚底 蜂蜜奶茶色 休閒鞋 DM7590-200,NIKE ,"1,750",https://m.momoshop.com.tw/goods.momo?i_code=10604758&mdiv=searchEngine&oid=21_14&kw=%E5%A5%B3%E9%9E%8B,米色
【adidas 愛迪達】ADIMATIC 運動鞋 休閒鞋 男女 - IE2226,adidas ,"2,268",https://m.momoshop.com.tw/goods.momo?i_code=12072748&mdiv=searchEngine&oid=3_1&kw=%E5%A5%B3%E9%9E%8B,灰色
【adidas 愛迪達】休閒鞋 Courtpoint 女鞋 白 紫 復古 小白鞋 基本款 愛迪達(GY2183),adidas ,"2,090",https://m.momoshop.com.tw/goods.momo?i_code=10840748&mdiv=searchEngine&oid=29_4&kw=%E5%A5%B3%E9%9E%8B,白色紫色
【Robinlo】真皮內增高時髦品味厚底休閒小白鞋EVALYN(經典黑/復古米咖),Robinlo,"2,780",https://m.momoshop.com.tw/goods.momo?i_code=11994928&mdiv=searchEngine&oid=24_19&kw=%E5%A5%B3%E9%9E%8B,黑色白色多色
【SKECHERS】女鞋 運動系列 SKECH-LITE PRO 寬楦款(149992WCHAR),SKECHERS,"2,490",https://m.momoshop.com.tw/goods.momo?i_code=10501167&mdiv=searchEngine&oid=11_12&kw=%E5%A5%B3%E9%9E%8B,灰色
【NIKE 耐吉】休閒鞋 熊貓 Dunk Low 女鞋 復刻 Black 黑 白(DD1503-101),NIKE ,"3,780",https://m.momoshop.com.tw/goods.momo?i_code=8409346&mdiv=searchEngine&oid=5_11&kw=%E5%A5%B3%E9%9E%8B,黑色白色
【Keds】經典熱賣黑色休閒鞋系列-六款選(MOMO特談價),Keds,"1,599",https://m.momoshop.com.tw/goods.momo?i_code=11653637&mdiv=searchEngine&oid=20_19&kw=%E5%A5%B3%E9%9E%8B,黑色
【CONVERSE】CHUCK 70 1970 高筒 休閒鞋 帆布鞋 男鞋 女鞋 4款任選(162053C 162056C 162054C),CONVERSE,"2,463",https://m.momoshop.com.tw/goods.momo?i_code=11315457&mdiv=searchEngine&oid=10_15&kw=%E5%A5%B3%E9%9E%8B,黑色白色黃色米色
【NIKE 耐吉】 慢跑鞋 休閒鞋 運動鞋 W NIKE COURT VISION LO NN 男女 A-DH3158101 B-CW5596100 精選六,NIKE,"2,200",https://m.momoshop.com.tw/goods.momo?i_code=11035927&mdiv=searchEngine&oid=2_15&kw=%E5%A5%B3%E9%9E%8B,多色
【Robinlo】真皮網紅時尚好評休閒鞋小白鞋厚底鞋(多款任選),Robinlo,"2,980",https://m.momoshop.com.tw/goods.momo?i_code=10170346&mdiv=searchEngine&oid=14_16&kw=%E5%A5%B3%E9%9E%8B,黑色白色藍色米色棕色/咖啡色卡其色多色
【NIKE 耐吉】女鞋 多款 運動鞋 休閒鞋 DH3161101 DD9283008 DB3970002 DJ6257004,NIKE ,"1,111",https://m.momoshop.com.tw/goods.momo?i_code=11993433&mdiv=searchEngine&oid=2_11&kw=%E5%A5%B3%E9%9E%8B,多色
【adidas 愛迪達】休閒鞋 女鞋 運動鞋 網球鞋 三葉草 KANTANA 米白奶茶 IG9831,adidas ,"1,299",https://m.momoshop.com.tw/goods.momo?i_code=11906443&mdiv=searchEngine&oid=7_13&kw=%E5%A5%B3%E9%9E%8B,多色
【NIKE 耐吉】休閒鞋 Wmns Air Max 1 女鞋 白 綠 氣墊 復古 條紋 花 拼接(FQ0256-131),NIKE ,"3,480",https://m.momoshop.com.tw/goods.momo?i_code=11577150&mdiv=searchEngine&oid=27_12&kw=%E5%A5%B3%E9%9E%8B,白色多色
【NEW BALANCE】NB 運動鞋/復古鞋_女鞋_寶寶藍_WS327OT-B,NEW BALANCE,"2,980",https://m.momoshop.com.tw/goods.momo?i_code=11926650&mdiv=searchEngine&oid=12_14&kw=%E5%A5%B3%E9%9E%8B,藍色
【PUMA】運動鞋 休閒鞋 慢跑鞋 跑鞋 女鞋 小白鞋 老爹鞋 板鞋 厚底 增高 黑白粉(39232403&37907002),PUMA,"2,680",https://m.momoshop.com.tw/goods.momo?i_code=11467433&mdiv=searchEngine&oid=12_18&kw=%E5%A5%B3%E9%9E%8B,黑色白色粉紅色
【NEW FORCE】交叉織帶厚底氣墊鞋-4色可選(休閒鞋/女鞋/懶人鞋/增高鞋/氣墊透氣/耐磨柔軟/舒適健走),NEW FORCE,849,https://m.momoshop.com.tw/goods.momo?i_code=10208967&mdiv=searchEngine&oid=10_14&kw=%E5%A5%B3%E9%9E%8B,黑色灰色紅色粉紅色
【SKECHERS】女鞋 運動系列 SKECH-LITE PRO 寬楦款(150045WNVPK),SKECHERS,"2,490",https://m.momoshop.com.tw/goods.momo?i_code=11725028&mdiv=searchEngine&oid=3_20&kw=%E5%A5%B3%E9%9E%8B,藍色粉紅色
【NEW BALANCE】NB 復古鞋/運動鞋_男鞋/女鞋_森林綠_U327LX-D,NEW BALANCE,"2,533",https://m.momoshop.com.tw/goods.momo?i_code=11546441&mdiv=searchEngine&oid=9_5&kw=%E5%A5%B3%E9%9E%8B,綠色
【PUMA官方旗艦】Mirage Sport Earth Tones 休閒運動鞋 男女共同 38727502,PUMA,"3,280",https://m.momoshop.com.tw/goods.momo?i_code=9971125&mdiv=searchEngine&oid=25_3&kw=%E5%A5%B3%E9%9E%8B,米色
【SKECHERS】女鞋 休閒系列 瞬穿舒適科技 ULTRA FLEX 3.0(149711LTBL),SKECHERS,"3,190",https://m.momoshop.com.tw/goods.momo?i_code=11738051&mdiv=searchEngine&oid=15_18&kw=%E5%A5%B3%E9%9E%8B,紫色
【CONVERSE品牌旗艦店】CHUCK 70 1970 低筒 休閒鞋 男鞋 女鞋 黑(162058C),CONVERSE,"2,238",https://m.momoshop.com.tw/goods.momo?i_code=5980143&mdiv=searchEngine&oid=3_9&kw=%E5%A5%B3%E9%9E%8B,黑色
【SKECHERS】女鞋 運動系列 SKECH-AIR EXTREME 2.0(149645NVLB),SKECHERS,"3,090",https://m.momoshop.com.tw/goods.momo?i_code=10113545&mdiv=searchEngine&oid=14_2&kw=%E5%A5%B3%E9%9E%8B,藍色
【CONVERSE】Chuck Taylor All Star 男鞋 女鞋 黑色 經典 基本款 低筒 休閒 帆布鞋 M9166C,CONVERSE,"1,080",https://m.momoshop.com.tw/goods.momo?i_code=10939793&mdiv=searchEngine&oid=12_11&kw=%E5%A5%B3%E9%9E%8B,黑色
【NEW BALANCE】NB 運動鞋/復古鞋_女性_米杏色_WS237SW-B,NEW BALANCE,"2,680",https://m.momoshop.com.tw/goods.momo?i_code=12160027&mdiv=searchEngine&oid=16_16&kw=%E5%A5%B3%E9%9E%8B,白色米色
【NEW BALANCE】MR530 New Balance 530(MR530AA1 MR530SH 奶茶),NEW BALANCE,"2,980",https://m.momoshop.com.tw/goods.momo?i_code=12101791&mdiv=searchEngine&oid=25_16&kw=%E5%A5%B3%E9%9E%8B,白色米色
【bebehome】時尚個性踩屎感EVA兩用洞洞鞋(外穿涼拖鞋/休閒沙灘鞋),bebehome,494,https://m.momoshop.com.tw/goods.momo?i_code=11682851&mdiv=searchEngine&oid=17_10&kw=%E5%A5%B3%E9%9E%8B,黑色白色灰色綠色卡其色粉紅色
【PUMA官方旗艦】Runtamed 休閒運動鞋 男女共同 38923608,PUMA,"2,480",https://m.momoshop.com.tw/goods.momo?i_code=11139151&mdiv=searchEngine&oid=23_9&kw=%E5%A5%B3%E9%9E%8B,白色
【NIKE 耐吉】休閒鞋 Wmns Dunk Low 女鞋 粉紅 麂皮 情人鞋 Valentine’s Day(FQ7056-100),NIKE ,"3,580",https://m.momoshop.com.tw/goods.momo?i_code=12280900&mdiv=searchEngine&oid=29_17&kw=%E5%A5%B3%E9%9E%8B,粉紅色
【NEW FORCE】舒適氣墊增高健走鞋-多款可選(減震/氣墊/防滑/修身/增高/耐磨/輕量/懶人鞋),NEW FORCE,599,https://m.momoshop.com.tw/goods.momo?i_code=7650616&mdiv=searchEngine&oid=15_1&kw=%E5%A5%B3%E9%9E%8B,多色
【NEW BALANCE】NB 997 530 480 運動鞋 休閒鞋 男鞋 女鞋 灰黑藍白(U997RHA&BB480LBA),NEW BALANCE,"3,480",https://m.momoshop.com.tw/goods.momo?i_code=10394496&mdiv=searchEngine&oid=6_14&kw=%E5%A5%B3%E9%9E%8B,黑色白色灰色黃色藍色紫色米色棕色/咖啡色卡其色多色
【NIKE 耐吉】休閒鞋 女鞋 大童 運動鞋 COURT BOROUGH LOW 2 共7款(BQ5448123 BQ5448124 DQ5979100),NIKE ,"1,900",https://m.momoshop.com.tw/goods.momo?i_code=12159790&mdiv=searchEngine&oid=13_7&kw=%E5%A5%B3%E9%9E%8B,白色多色
【PUMA官方旗艦】Twitch Runner Trail 慢跑運動鞋 男女共同 37696105,PUMA,"2,480",https://m.momoshop.com.tw/goods.momo?i_code=10270915&mdiv=searchEngine&oid=16_10&kw=%E5%A5%B3%E9%9E%8B,黑色
【A.S.O 阿瘦集團】健康按摩 葉子自黏帶手縫鞋(黑色),A.S.O ,"3,895",https://m.momoshop.com.tw/goods.momo?i_code=11022800&mdiv=searchEngine&oid=22_3&kw=%E5%A5%B3%E9%9E%8B,黑色
【NIKE 耐吉】NIKE 熊貓 Dunk Low GS大童/ V2K/ Force(CW1590-100/FD0736-001),NIKE ,"4,980",https://m.momoshop.com.tw/goods.momo?i_code=11964287&mdiv=searchEngine&oid=16_4&kw=%E5%A5%B3%E9%9E%8B,黑色白色
【NEW BALANCE】NB 運動鞋/復古鞋_男鞋/女鞋_MS327PS-D_WS327PT-B,NEW BALANCE,"2,980",https://m.momoshop.com.tw/goods.momo?i_code=11792595&mdiv=searchEngine&oid=8_2&kw=%E5%A5%B3%E9%9E%8B,多色
【LA NEW】男女款懶人休閒鞋 輕量/運動/職人/健行(男女/多款任選),LA NEW,"2,080",https://m.momoshop.com.tw/goods.momo?i_code=10633200&mdiv=searchEngine&oid=5_12&kw=%E5%A5%B3%E9%9E%8B,黑色灰色紅色藍色紫色
【NEW BALANCE】NB 運動鞋/復古鞋_女鞋_WL373PC2-B,NEW BALANCE,"2,480",https://m.momoshop.com.tw/goods.momo?i_code=10667773&mdiv=searchEngine&oid=14_6&kw=%E5%A5%B3%E9%9E%8B,灰色米色棕色/咖啡色
【ALEXANDER MCQUEEN】MCQ 麥昆 運動鞋 休閒鞋 厚底鞋 白色 黑尾,ALEXANDER MCQUEEN,"22,000",https://m.momoshop.com.tw/goods.momo?i_code=11947180&mdiv=searchEngine&oid=8_17&kw=%E5%A5%B3%E9%9E%8B,黑色白色
【Crocs】中性鞋 經典泡芙Clog(207521-001),Crocs,"2,180",https://m.momoshop.com.tw/goods.momo?i_code=11168341&mdiv=searchEngine&oid=25_18&kw=%E5%A5%B3%E9%9E%8B,黑色
【adidas 愛迪達】休閒鞋 Handball Spezial W 女鞋 黑 粉 麂皮 生膠底 復古 德訓鞋 愛迪達(IE5897),adidas ,"3,690",https://m.momoshop.com.tw/goods.momo?i_code=12214322&mdiv=searchEngine&oid=14_8&kw=%E5%A5%B3%E9%9E%8B,黑色粉紅色
